2024/09/02-22:52:32,24.21,968.5096,57.00098,0,0,0.0
2024/09/02-22:52:42,24.01,968.5572,56.99805,0,0,0.0
2024/09/02-21:01:02,24.51,968.6186,57.17773,0,0,0.0
2024/09/02-21:01:13,24.07,968.6437,57.13477,0,0,0.0
2024/09/02-21:01:24,24.05,968.6202,57.16699,0,0,0.0
2024/09/02-21:01:34,24.07,968.6437,57.16895,0,0,0.0
2024/09/02-21:01:45,24.07,968.6795,57.15918,0,0,0.0
2024/09/02-21:01:56,24.07,968.6516,57.13574,0,0,0.0
2024/09/02-21:02:06,24.06,968.6281,57.14453,0,0,0.0
2024/09/02-21:02:17,24.07,968.6795,57.15918,0,0,0.0
2024/09/02-21:02:27,24.08,968.6674,57.14844,0,0,0.0
2024/09/02-21:02:38,24.09,968.7109,57.21973,0,0,0.0
2024/09/02-21:02:48,24.1,968.7267,57.20898,0,0,0.0
2024/09/02-21:02:59,24.09,968.6831,57.24316,0,0,0.0
2024/09/02-21:03:11,24.1,968.6911,57.25488,0,0,0.0
2024/09/02-21:03:21,24.12,968.7304,57.28125,0,0,0.0
2024/09/02-21:03:32,24.13,968.7462,57.21191,0,0,0.0
2024/09/02-21:03:43,24.15,968.7141,57.12109,0,0,0.0
2024/09/02-21:03:53,24.16,968.7576,57.11035,0,0,0.0
2024/09/02-21:04:04,24.19,968.7692,57.21875,0,0,0.0
2024/09/02-21:04:14,24.19,968.7136,57.19629,0,0,0.0
2024/09/02-21:04:25,24.2,968.6738,57.19727,0,0,0.0
2024/09/02-21:04:35,24.2,968.785,57.19727,0,0,0.0
2024/09/02-21:04:46,24.2,968.7015,57.17383,0,0,0.0
2024/09/02-21:04:57,24.21,968.7452,57.10449,0,0,0.0
2024/09/02-21:05:07,24.22,968.7609,57.12891,0,0,0.0
2024/09/02-21:05:18,24.21,968.6973,57.09473,0,0,0.0
2024/09/02-21:05:28,24.21,968.7173,57.15137,0,0,0.0
2024/09/02-21:05:39,24.21,968.7452,57.24512,0,0,0.0
2024/09/02-21:05:50,24.22,968.7609,57.23438,0,0,0.0
2024/09/02-21:06:00,24.21,968.8086,57.23438,0,0,0.0
2024/09/02-21:06:11,24.22,968.7609,57.16406,0,0,0.0
2024/09/02-21:06:21,24.22,968.7609,57.22266,0,0,0.0
2024/09/02-21:06:32,24.21,968.8008,57.2334,0,0,0.0
2024/09/02-21:06:43,24.21,968.7452,57.28027,0,0,0.0
2024/09/02-21:06:53,24.2,968.8406,57.27832,0,0,0.0
2024/09/02-21:07:04,24.18,968.7614,57.23047,0,0,0.0
2024/09/02-21:17:58,24.24,968.7419,57.80957,0,0,0.0
2024/09/02-21:18:09,24.04,968.7913,57.77148,0,0,0.0
2024/09/02-21:18:20,24.04,968.7434,57.78418,0,0,0.0
2024/09/02-21:18:30,24.05,968.7592,57.78613,0,0,0.0
2024/09/02-21:18:41,24.07,968.8463,57.68457,0,0,0.0
2024/09/02-21:18:51,24.09,968.85,57.65137,0,0,0.0
2024/09/02-21:19:02,24.1,968.7267,57.62891,0,0,0.0
2024/09/02-21:19:13,24.1,968.8102,57.61719,0,0,0.0
2024/09/02-21:19:23,24.09,968.7944,57.60449,0,0,0.0
2024/09/02-21:19:34,24.1,968.7545,57.59473,0,0,0.0
2024/09/02-21:19:44,24.11,968.7703,57.61816,0,0,0.0
2024/09/02-21:19:55,24.11,968.818,57.57129,0,0,0.0
2024/09/02-21:20:06,24.11,968.818,57.65234,0,0,0.0
2024/09/02-21:20:14,24.3,968.7567,57.67676,0,0,0.0
2024/09/02-21:20:25,24.1,968.8022,57.61621,0,0,0.0
2024/09/02-21:20:36,24.12,968.7781,57.57227,0,0,0.0
2024/09/02-21:20:46,24.11,968.7703,57.57227,0,0,0.0
2024/09/02-21:20:57,24.12,968.786,57.53809,0,0,0.0
2024/09/02-21:21:08,24.13,968.8017,57.45703,0,0,0.0
2024/09/02-21:21:18,24.14,968.7897,57.4707,0,0,0.0
2024/09/02-21:21:29,24.14,968.7541,57.48047,0,0,0.0
2024/09/02-21:21:39,24.13,968.7739,57.48047,0,0,0.0
2024/09/02-21:21:50,24.13,968.8574,57.44629,0,0,0.0
2024/09/02-21:22:01,24.12,968.8337,57.50195,0,0,0.0
2024/09/02-21:24:58,24.33,968.7944,57.6582,0,0,0.0
2024/09/02-21:25:09,24.15,968.881,57.64648,0,0,0.0
2024/09/02-21:25:20,24.14,968.8731,57.59863,0,0,0.0
2024/09/02-21:25:30,24.14,968.8453,57.64551,0,0,0.0
2024/09/02-21:25:41,24.14,968.8731,57.63379,0,0,0.0
2024/09/02-21:25:52,24.15,968.8333,57.58984,0,0,0.0
2024/09/02-21:26:02,24.16,968.9047,57.60156,0,0,0.0
2024/09/02-21:26:13,24.16,968.8133,57.58984,0,0,0.0
2024/09/02-21:26:23,24.16,968.9325,57.60156,0,0,0.0
2024/09/02-21:26:34,24.15,968.8889,57.55469,0,0,0.0
2024/09/02-21:26:46,24.14,968.8731,57.54004,0,0,0.0
2024/09/02-21:26:57,24.13,968.8295,57.5625,0,0,0.0
2024/09/02-21:27:07,24.11,968.8259,57.56055,0,0,0.0
2024/09/02-21:27:18,24.11,968.8815,57.5957,0,0,0.0
2024/09/02-21:27:29,24.13,968.9052,57.59766,0,0,0.0
2024/09/02-21:27:39,24.13,968.913,57.53906,0,0,0.0
2024/09/02-21:27:50,24.13,968.9408,57.53906,0,0,0.0
2024/09/02-21:28:00,24.13,968.8217,57.62109,0,0,0.0
2024/09/02-21:28:11,24.11,968.8736,57.71094,0,0,0.0
2024/09/02-21:28:22,24.1,968.8857,57.76855,0,0,0.0
2024/09/02-23:28:42,24.31,968.8264,57.81934,0,0,0.0
2024/09/02-23:28:53,24.12,968.8416,57.72461,0,0,0.0
2024/09/02-23:29:03,24.11,968.8736,57.71094,0,0,0.0
2024/09/02-23:29:14,24.11,968.818,57.69922,0,0,0.0
2024/09/02-23:29:24,24.1,968.9492,57.6875,0,0,0.0
2024/09/02-23:29:35,24.1,968.8658,57.69922,0,0,0.0
2024/09/02-23:29:46,24.11,968.9372,57.67676,0,0,0.0
2024/09/02-23:29:56,24.13,968.8495,57.64453,0,0,0.0
2024/09/02-23:30:07,24.12,968.8694,57.63184,0,0,0.0
2024/09/02-23:30:17,24.15,968.881,57.62305,0,0,0.0
2024/09/02-23:30:28,24.14,968.8731,57.61035,0,0,0.0
2024/09/02-23:30:39,24.14,968.9288,57.59863,0,0,0.0
2024/09/02-21:30:48,24.33,968.8283,57.56445,0,0,0.0
2024/09/02-21:30:59,24.13,968.8574,57.62109,0,0,0.0
2024/09/02-21:31:10,24.12,968.8894,57.60742,0,0,0.0
2024/09/02-21:31:20,24.11,968.8538,57.65332,0,0,0.0
2024/09/02-21:31:31,24.09,968.85,57.61621,0,0,0.0
2024/09/02-21:31:41,24.11,968.8259,57.66504,0,0,0.0
2024/09/02-21:31:52,24.1,968.8936,57.6875,0,0,0.0
2024/09/02-21:32:03,24.1,968.9135,57.72168,0,0,0.0
2024/09/02-21:32:13,24.09,968.9056,57.74512,0,0,0.0
2024/09/02-21:32:24,24.08,968.9377,57.74219,0,0,0.0
2024/09/02-21:32:34,24.07,968.8463,57.76563,0,0,0.0
2024/09/02-21:32:45,24.06,968.914,57.8457,0,0,0.0
2024/09/02-21:32:55,24.05,968.8705,57.79688,0,0,0.0
2024/09/02-21:33:06,24.05,968.8625,57.7627,0,0,0.0
2024/09/02-21:33:17,24.05,968.8983,57.79688,0,0,0.0
2024/09/02-21:33:27,24.06,968.9061,57.72852,0,0,0.0
2024/09/02-21:33:38,24.06,968.8585,57.74023,0,0,0.0
2024/09/02-21:33:48,24.07,968.9219,57.75293,0,0,0.0
2024/09/02-21:33:59,24.05,968.8983,57.7627,0,0,0.0
2024/09/02-21:34:10,24.07,968.8663,57.75293,0,0,0.0
2024/09/02-21:34:20,24.05,968.8705,57.75098,0,0,0.0
2024/09/02-21:34:31,24.07,968.8663,57.71777,0,0,0.0
2024/09/02-21:34:46,24.27,968.813,57.70801,0,0,0.0
2024/09/02-21:34:57,24.07,968.8741,57.68457,0,0,0.0
2024/09/02-21:35:08,24.05,968.8705,57.65723,0,0,0.0
2024/09/02-21:35:18,24.06,968.8783,57.69336,0,0,0.0
2024/09/02-21:35:29,24.05,968.8983,57.71582,0,0,0.0
2024/09/02-21:35:40,24.05,968.8705,57.78613,0,0,0.0
2024/09/02-21:35:47,24.25,968.8116,57.77441,0,0,0.0
2024/09/02-21:35:58,24.04,968.8269,57.74902,0,0,0.0
2024/09/02-21:36:09,24.04,968.8825,57.71484,0,0,0.0
2024/09/02-21:36:19,24.03,968.8589,57.75977,0,0,0.0
2024/09/02-21:36:30,24.01,968.9465,57.88477,0,0,0.0
2024/09/02-21:36:41,24.01,968.9465,57.93164,0,0,0.0
2024/09/02-21:36:50,24.22,968.8356,57.91113,0,0,0.0
2024/09/02-21:37:02,24.02,968.9066,57.89941,0,0,0.0
2024/09/02-21:37:13,24.03,968.9146,57.86523,0,0,0.0
2024/09/02-21:37:24,24.04,968.8825,57.85449,0,0,0.0
2024/09/02-21:37:34,24.05,968.8904,57.80957,0,0,0.0
2024/09/02-21:37:45,24.05,968.9261,57.86719,0,0,0.0
2024/09/02-21:37:56,24.06,968.914,57.81055,0,0,0.0
2024/09/02-21:38:06,24.05,968.8625,57.86719,0,0,0.0
2024/09/02-21:38:17,24.04,968.9103,57.90137,0,0,0.0
2024/09/02-21:38:27,24.05,968.8904,57.84375,0,0,0.0
2024/09/02-21:38:38,24.04,968.9103,57.7959,0,0,0.0
2024/09/02-21:38:49,24.05,968.8983,57.7041,0,0,0.0
2024/09/02-21:38:59,24.05,968.9261,57.65723,0,0,0.0
2024/09/02-21:39:10,24.04,968.9302,57.63184,0,0,0.0
2024/09/02-21:39:20,24.02,968.9066,57.60742,0,0,0.0
2024/09/02-21:39:31,24.0,968.8752,57.61621,0,0,0.0
2024/09/02-21:39:42,24.0,968.9029,57.60449,0,0,0.0
2024/09/02-21:39:52,23.98,968.8714,57.60156,0,0,0.0
2024/09/02-21:40:03,23.97,968.9313,57.63574,0,0,0.0
2024/09/02-21:40:14,23.96,968.9233,57.63379,0,0,0.0
2024/09/02-21:40:24,23.95,968.9076,57.70313,0,0,0.0
2024/09/02-21:40:35,23.93,968.8761,57.75781,0,0,0.0
2024/09/02-21:40:45,23.93,968.9317,57.69922,0,0,0.0
2024/09/02-21:40:56,23.93,968.8761,57.69922,0,0,0.0
2024/09/02-21:41:07,23.92,968.916,57.67578,0,0,0.0
2024/09/02-21:41:17,23.92,968.8881,57.6416,0,0,0.0
2024/09/02-21:41:28,23.92,968.8525,57.68652,0,0,0.0
2024/09/02-21:41:38,23.92,968.916,57.76953,0,0,0.0
2024/09/02-21:41:49,23.91,968.928,57.81348,0,0,0.0
2024/09/02-21:42:00,23.9,968.8289,57.78906,0,0,0.0
2024/09/02-21:42:10,23.91,968.9479,57.74316,0,0,0.0
2024/09/02-21:42:21,23.93,968.9317,57.75781,0,0,0.0
2024/09/02-21:42:32,23.94,968.9197,57.79492,0,0,0.0
2024/09/02-21:42:42,23.94,968.8284,57.84082,0,0,0.0
2024/09/02-21:42:53,23.95,968.8521,57.80762,0,0,0.0
2024/09/02-21:43:03,23.95,968.9076,57.84277,0,0,0.0
2024/09/02-21:43:14,23.94,968.8839,57.84082,0,0,0.0
2024/09/02-21:43:25,23.94,968.9474,57.85352,0,0,0.0
2024/09/02-21:43:35,23.95,968.8997,57.87695,0,0,0.0
2024/09/02-21:43:46,23.96,968.832,57.81934,0,0,0.0
2024/09/02-21:43:56,23.96,968.8042,57.84277,0,0,0.0
2024/09/02-21:44:07,23.97,968.8557,57.75195,0,0,0.0
2024/09/02-21:44:18,23.97,968.9113,57.68164,0,0,0.0
2024/09/02-21:44:28,23.98,968.8714,57.69531,0,0,0.0
2024/09/02-21:44:39,23.98,968.8714,57.71777,0,0,0.0
2024/09/02-21:44:49,23.99,968.8594,57.66113,0,0,0.0
2024/09/02-21:45:00,24.0,968.8395,57.63867,0,0,0.0
2024/09/02-21:45:10,24.01,968.883,57.59375,0,0,0.0
2024/09/02-21:45:21,24.01,968.8631,57.54688,0,0,0.0
2024/09/02-21:45:32,24.02,968.7954,57.52539,0,0,0.0
2024/09/02-21:45:42,24.04,968.8269,57.52734,0,0,0.0
2024/09/02-21:45:53,24.03,968.8033,57.56152,0,0,0.0
2024/09/02-21:46:03,24.02,968.851,57.58398,0,0,0.0
2024/09/02-21:46:14,24.03,968.9501,57.58496,0,0,0.0
2024/09/02-21:46:25,24.03,968.8945,57.56152,0,0,0.0
2024/09/02-21:46:35,24.04,968.9024,57.51465,0,0,0.0
2024/09/02-21:46:46,24.04,968.8825,57.49316,0,0,0.0
2024/09/02-21:46:56,24.04,968.8825,57.45801,0,0,0.0
2024/09/02-21:47:08,24.03,968.8389,57.43359,0,0,0.0
2024/09/02-21:47:19,24.04,968.8747,57.44531,0,0,0.0
2024/09/02-21:47:29,24.05,968.8348,57.41211,0,0,0.0
2024/09/02-21:47:40,24.05,968.8348,57.41211,0,0,0.0
2024/09/02-21:47:51,24.03,968.8667,57.39844,0,0,0.0
2024/09/02-21:48:01,24.04,968.8269,57.45801,0,0,0.0
2024/09/02-21:48:12,24.04,968.8825,57.45801,0,0,0.0
2024/09/02-21:48:28,24.26,968.8186,57.47363,0,0,0.0
2024/09/02-21:48:39,24.05,968.8904,57.40039,0,0,0.0
2024/09/02-21:48:50,24.08,968.882,57.36914,0,0,0.0
2024/09/02-21:49:00,24.07,968.902,57.39258,0,0,0.0
2024/09/02-21:49:11,24.07,968.9297,57.31055,0,0,0.0
2024/09/02-21:49:21,24.08,968.8342,57.3584,0,0,0.0
2024/09/02-21:49:32,24.08,968.8542,57.3457,0,0,0.0
2024/09/02-21:49:43,24.09,968.85,57.34766,0,0,0.0
2024/09/02-21:49:53,24.09,968.8977,57.37012,0,0,0.0
2024/09/02-21:50:04,24.08,968.8621,57.37012,0,0,0.0
2024/09/02-21:50:15,24.29,968.8566,57.32617,0,0,0.0
2024/09/02-21:50:26,24.09,968.9256,57.34668,0,0,0.0
2024/09/02-21:50:37,24.08,968.9377,57.36914,0,0,0.0
2024/09/02-21:50:47,24.06,968.8505,57.35547,0,0,0.0
2024/09/02-21:50:58,24.07,968.9219,57.42578,0,0,0.0
2024/09/02-21:51:08,24.05,968.8625,57.4707,0,0,0.0
2024/09/02-21:51:19,24.05,968.8427,57.50586,0,0,0.0
2024/09/02-21:51:30,24.07,968.902,57.46191,0,0,0.0
2024/09/02-21:51:40,24.08,968.8342,57.51074,0,0,0.0
2024/09/02-21:51:51,24.08,968.882,57.42773,0,0,0.0
2024/09/02-21:52:02,24.08,968.8342,57.41699,0,0,0.0
2024/09/02-21:52:12,24.1,968.9214,57.39551,0,0,0.0
2024/09/02-21:52:23,24.11,968.8736,57.40723,0,0,0.0
2024/09/02-21:52:33,24.1,968.8658,57.46582,0,0,0.0
2024/09/02-23:53:05,24.31,968.8716,57.50391,0,0,0.0
2024/09/02-23:53:16,24.12,968.8894,57.41992,0,0,0.0
2024/09/02-23:53:27,24.1,968.8022,57.47656,0,0,0.0
2036/02/07-06:28:16,24.32,968.8404,57.5166,0,0,0.0
2036/02/07-06:28:27,24.11,968.9094,57.47852,0,0,0.0
2036/02/07-06:28:38,24.12,968.9172,57.47852,0,0,0.0
2036/02/07-06:28:48,24.12,968.8694,57.50293,0,0,0.0
2036/02/07-06:28:59,24.12,968.8694,57.46777,0,0,0.0
2000/01/01-00:00:18,24.75,968.7667,88.10449,400,0,0.0
2000/01/01-00:00:28,24.57,968.8035,57.36035,400,0,0.0
2024/09/02-23:57:29,24.58,968.7714,57.47949,400,0,0.0
2024/09/02-23:57:40,24.6,968.795,57.23633,400,0,0.0
2024/09/02-22:02:05,25.32,968.7219,56.74219,0,0,0.0
2024/09/02-22:02:16,25.14,968.774,56.3584,0,0,0.0
2024/09/02-22:02:27,25.14,968.7462,56.65039,0,0,0.0
2024/09/02-22:02:37,25.15,968.7619,56.47656,0,0,0.0
2024/09/02-22:02:48,25.17,968.8491,56.43164,0,0,0.0
2024/09/02-22:02:59,25.17,968.7933,56.06934,0,0,0.0
2024/09/02-22:03:09,25.17,968.7654,56.02246,0,0,0.0
2024/09/02-22:03:20,25.17,968.7933,55.9873,0,0,0.0
2024/09/02-22:03:30,25.17,968.7855,55.91602,0,0,0.0
2024/09/02-22:03:41,25.16,968.7776,55.98633,0,0,0.0
2024/09/02-22:03:53,25.16,968.8055,55.88086,0,0,0.0
2024/09/02-22:04:04,25.17,968.7855,55.83398,0,0,0.0
2024/09/02-22:04:14,25.16,968.8333,55.81055,0,0,0.0
2024/09/02-22:04:25,25.17,968.7933,55.7998,0,0,0.0
2024/09/02-22:04:35,25.18,968.8013,55.75391,0,0,0.0
2024/09/02-22:04:46,25.16,968.7697,55.7041,0,0,0.0
2024/09/02-22:04:57,25.17,968.8134,55.72852,0,0,0.0
2024/09/02-22:05:07,25.18,968.829,55.75391,0,0,0.0
2024/09/02-22:05:18,25.17,968.8212,55.6709,0,0,0.0
2024/09/02-22:05:28,25.16,968.8055,55.66992,0,0,0.0
2024/09/02-22:05:39,25.16,968.8254,55.58691,0,0,0.0
2024/09/02-22:05:49,25.16,968.8333,55.54102,0,0,0.0
2024/09/02-22:06:00,25.16,968.8055,55.59961,0,0,0.0
2024/09/02-22:06:11,25.16,968.8055,55.63477,0,0,0.0
2024/09/02-22:06:21,25.17,968.7855,55.62305,0,0,0.0
2024/09/02-22:06:32,25.15,968.7619,55.56348,0,0,0.0
2024/09/02-22:06:42,25.14,968.8019,55.52734,0,0,0.0
2024/09/02-22:06:53,25.15,968.8176,55.54004,0,0,0.0
2024/09/02-22:07:04,25.15,968.8176,55.56348,0,0,0.0
2024/09/02-22:07:14,25.15,968.8455,55.5752,0,0,0.0
2024/09/02-22:07:25,25.14,968.7462,55.50391,0,0,0.0
2024/09/02-22:07:35,25.14,968.8855,55.49219,0,0,0.0
2024/09/02-22:07:46,25.14,968.8576,55.50391,0,0,0.0
2024/09/02-22:07:56,25.14,968.8019,55.51563,0,0,0.0
2024/09/02-22:08:07,25.14,968.8576,55.51563,0,0,0.0
2024/09/02-22:08:18,25.14,968.8019,55.58594,0,0,0.0
2024/09/02-22:08:28,25.16,968.7697,55.63379,0,0,0.0
2024/09/02-22:08:39,25.15,968.7619,55.55176,0,0,0.0
2024/09/02-22:08:49,25.15,968.8176,55.46973,0,0,0.0
2024/09/02-22:09:00,25.15,968.7619,55.44629,0,0,0.0
2024/09/02-22:09:11,25.15,968.8176,55.45801,0,0,0.0
2024/09/02-22:09:21,25.16,968.8333,55.49414,0,0,0.0
2024/09/02-22:09:32,25.17,968.8491,55.4834,0,0,0.0
2024/09/02-22:09:42,25.17,968.8491,55.4248,0,0,0.0
2024/09/02-22:09:53,25.18,968.8649,55.41406,0,0,0.0
2024/09/02-22:10:04,25.18,968.837,55.39063,0,0,0.0
2024/09/02-22:10:14,25.19,968.769,55.43945,0,0,0.0
2024/09/02-22:10:25,25.2,968.8326,55.45215,0,0,0.0
2024/09/02-22:10:35,25.21,968.912,55.40625,0,0,0.0
2024/09/02-22:10:46,25.21,968.8563,55.40625,0,0,0.0
2024/09/02-22:10:57,25.22,968.7885,55.38477,0,0,0.0
2024/09/02-22:11:07,25.22,968.872,55.37305,0,0,0.0
2024/09/02-22:11:18,25.23,968.8599,55.25684,0,0,0.0
2024/09/02-22:11:28,25.22,968.8441,55.31445,0,0,0.0
2024/09/02-22:11:39,25.23,968.8599,55.31543,0,0,0.0
2024/09/02-22:11:50,25.22,968.872,55.23242,0,0,0.0
2024/09/02-22:12:00,25.22,968.8441,55.2793,0,0,0.0
2024/09/02-22:12:11,25.22,968.8641,55.29004,0,0,0.0
2024/09/02-22:12:21,25.23,968.9156,55.25684,0,0,0.0
2024/09/02-22:12:32,25.22,968.872,55.26758,0,0,0.0
2024/09/02-22:12:43,25.24,968.8956,55.29199,0,0,0.0
2024/09/02-22:12:53,25.24,968.8956,55.30371,0,0,0.0
2024/09/02-22:13:04,25.23,968.8878,55.31543,0,0,0.0
2024/09/02-22:13:14,25.24,968.8756,55.26953,0,0,0.0
2024/09/02-22:13:25,25.24,968.8956,55.1748,0,0,0.0
2024/09/02-22:13:36,25.24,968.8756,55.21191,0,0,0.0
2024/09/02-22:13:46,25.24,968.8956,55.20996,0,0,0.0
2024/09/02-22:13:58,25.23,968.9156,55.20996,0,0,0.0
2024/09/02-22:14:09,25.24,968.9514,55.29199,0,0,0.0
2024/09/02-22:14:19,25.24,968.8756,55.19922,0,0,0.0
2024/09/02-22:14:30,25.23,968.7484,55.24512,0,0,0.0
2024/09/02-22:14:41,25.25,968.9749,55.23633,0,0,0.0
2024/09/02-22:14:51,25.24,968.812,55.1748,0,0,0.0
2024/09/02-22:15:02,25.24,968.8398,55.22168,0,0,0.0
2024/09/02-22:15:12,25.25,968.8914,55.20117,0,0,0.0
2024/09/02-22:15:23,25.25,968.8834,55.22461,0,0,0.0
2024/09/02-22:15:34,25.25,968.8635,55.20117,0,0,0.0
2024/09/02-22:15:44,25.26,968.907,55.22559,0,0,0.0
2024/09/02-22:15:55,25.28,968.9306,55.28613,0,0,0.0
2024/09/02-22:16:06,25.27,968.887,55.17969,0,0,0.0
2024/09/02-22:16:16,25.26,968.9828,55.21289,0,0,0.0
2024/09/02-22:16:36,25.44,968.8558,55.22363,0,0,0.0
2024/09/02-22:18:24,25.92,968.8903,88.22656,0,0,0.0
2024/09/02-22:18:35,25.34,968.8936,54.87207,0,0,0.0
2024/09/02-22:18:46,25.32,968.9178,54.94043,0,0,0.0
2024/09/02-22:20:36,25.57,968.8477,88.18262,0,0,0.0
2024/09/02-22:20:47,25.33,968.8143,54.84766,0,0,0.0
2024/09/02-22:20:58,25.31,968.8943,54.87988,0,0,0.0
2024/09/02-22:21:08,25.29,968.8428,55.0293,0,0,0.0
2024/09/02-22:21:19,25.28,968.847,55.04004,0,0,0.0
2024/09/02-22:21:30,25.26,968.8513,55.07324,0,0,0.0
2024/09/02-22:21:47,25.44,968.8262,55.10645,0,0,0.0
2024/09/02-22:21:58,25.24,968.9592,55.18848,0,0,0.0
2024/09/02-22:22:09,25.23,968.7684,55.16211,0,0,0.0
2024/09/02-22:22:19,25.22,968.8998,55.20898,0,0,0.0
2024/09/02-22:22:35,25.42,968.8217,55.20898,0,0,0.0
2024/09/02-22:22:46,25.22,968.8362,55.31348,0,0,0.0
2024/09/02-22:22:57,25.21,968.912,55.32422,0,0,0.0
2024/09/02-22:23:07,25.2,968.8406,55.25391,0,0,0.0
2024/09/02-22:23:18,25.2,968.7849,55.26563,0,0,0.0
2024/09/02-22:23:28,25.2,968.9241,55.3125,0,0,0.0
2024/09/02-22:23:39,25.18,968.9205,55.29688,0,0,0.0
2024/09/02-22:23:50,25.17,968.8491,55.30762,0,0,0.0
2024/09/02-22:24:00,25.18,968.8649,55.34375,0,0,0.0
2024/09/02-22:24:11,25.19,968.8727,55.33301,0,0,0.0
2024/09/02-22:24:21,25.19,968.8806,55.3457,0,0,0.0
2024/09/02-22:25:03,25.87,968.8395,54.64258,0,0,0.0
2024/09/02-22:25:21,25.53,968.8223,55.02344,0,0,0.0
2024/09/02-22:25:32,25.27,968.9228,55.0625,0,0,0.0
2024/09/02-22:25:43,25.25,968.8635,55.18945,0,0,0.0
2024/09/02-22:25:55,25.23,968.832,55.1748,0,0,0.0
2024/09/02-22:26:05,25.23,968.8798,55.19727,0,0,0.0
2024/09/02-22:40:57,25.34,968.8483,55.64551,0,0,0.0
2024/09/02-22:41:08,25.16,968.9448,55.61133,0,0,0.0
2024/09/02-22:41:19,25.16,968.8812,55.61035,0,0,0.0
2024/09/02-22:41:29,25.16,968.8812,55.61035,0,0,0.0
2024/09/02-22:41:40,25.17,968.9247,55.57617,0,0,0.0
2024/09/02-22:41:50,25.17,968.8769,55.58887,0,0,0.0
2024/09/02-22:42:01,25.18,968.9127,55.53125,0,0,0.0
2024/09/02-22:42:12,25.18,968.9205,55.54297,0,0,0.0
2024/09/02-22:42:22,25.18,968.9684,55.60156,0,0,0.0
2024/09/02-22:42:33,25.16,968.889,55.62305,0,0,0.0
2024/09/02-22:42:43,25.16,968.889,55.57617,0,0,0.0
2024/09/02-22:42:54,25.16,968.889,55.59961,0,0,0.0
2024/09/02-22:43:05,25.17,968.9048,55.64746,0,0,0.0
2024/09/02-22:43:15,25.16,968.9448,55.59961,0,0,0.0
2024/09/02-22:43:26,25.18,968.9127,55.625,0,0,0.0
2024/09/02-22:43:36,25.17,968.9526,55.59961,0,0,0.0
2024/09/02-22:43:47,25.18,968.8926,55.58984,0,0,0.0
2024/09/02-22:43:58,25.18,968.8649,55.58984,0,0,0.0
2024/09/02-22:44:08,25.16,968.889,55.58789,0,0,0.0
2024/09/02-22:44:19,25.16,968.889,55.62305,0,0,0.0
2024/09/02-22:44:29,25.17,968.8969,55.69336,0,0,0.0
2024/09/02-22:44:40,25.17,968.8212,55.6709,0,0,0.0
2024/09/02-22:44:51,25.17,968.8412,55.64648,0,0,0.0
2024/09/02-22:45:01,25.18,968.9127,55.66016,0,0,0.0
2024/09/02-22:45:12,25.17,968.8491,55.68262,0,0,0.0
2024/09/02-22:45:22,25.16,968.9448,55.66992,0,0,0.0
2024/09/02-22:45:33,25.16,968.889,55.70508,0,0,0.0
2024/09/02-22:45:44,25.16,968.889,55.69336,0,0,0.0
2024/09/02-22:45:54,25.17,968.8691,55.7168,0,0,0.0
2024/09/02-22:46:05,25.16,968.8611,55.70508,0,0,0.0
2024/09/02-22:46:15,25.17,968.8412,55.6582,0,0,0.0
2024/09/02-22:47:30,25.37,968.8154,55.70801,0,0,0.0
2024/09/02-22:47:41,25.18,968.8091,55.66016,0,0,0.0
2024/09/02-22:47:52,25.17,968.7933,55.70605,0,0,0.0
2024/09/02-22:48:02,25.17,968.8212,55.71777,0,0,0.0
2024/09/02-22:48:13,25.18,968.837,55.73047,0,0,0.0
2024/09/02-22:48:24,25.18,968.8091,55.78906,0,0,0.0
2024/09/02-22:48:34,25.17,968.7933,55.76465,0,0,0.0
2024/09/02-22:48:45,25.16,968.7697,55.78613,0,0,0.0
2024/09/02-22:48:55,25.16,968.889,55.85742,0,0,0.0
2024/09/02-22:49:06,25.15,968.8655,55.86621,0,0,0.0
2024/09/02-22:49:17,25.14,968.8576,55.85449,0,0,0.0
2024/09/02-22:49:29,25.14,968.8019,55.83105,0,0,0.0
2024/09/02-22:49:39,25.19,968.7891,55.92969,0,0,0.0
2024/09/02-22:49:50,25.17,968.7377,55.8584,0,0,0.0
2024/09/02-22:50:01,25.15,968.7897,56.17188,0,0,0.0
2024/09/02-22:50:11,25.16,968.8812,56.13672,0,0,0.0
2024/09/02-22:50:22,25.16,968.8333,56.41895,0,0,0.0
2024/09/02-22:50:33,25.15,968.8733,56.05469,0,0,0.0
2024/09/02-22:50:43,25.15,968.8376,56.28809,0,0,0.0
2024/09/02-22:50:54,25.15,968.7897,56.28906,0,0,0.0
2024/09/02-22:51:04,25.18,968.8091,56.52637,0,0,0.0
2024/09/02-22:51:22,25.4,968.7703,56.39063,0,0,0.0
2024/09/02-22:51:33,25.24,968.7842,56.25195,0,0,0.0
2024/09/02-22:51:44,25.24,968.7921,56.11328,0,0,0.0
2024/09/02-22:51:54,25.24,968.7921,56.08984,0,0,0.0
2024/09/02-22:52:05,25.25,968.752,55.92676,0,0,0.0
2024/09/02-22:52:16,25.25,968.752,55.97363,0,0,0.0
2024/09/02-22:52:26,25.25,968.7799,55.93848,0,0,0.0
2024/09/02-22:52:37,25.25,968.8078,56.19629,0,0,0.0
2024/09/02-22:52:47,25.24,968.8198,56.04297,0,0,0.0
2024/09/02-22:52:58,25.25,968.752,56.04395,0,0,0.0
2024/09/02-22:53:09,25.26,968.8156,56.02051,0,0,0.0
2024/09/02-22:53:19,25.25,968.6964,55.90332,0,0,0.0
2024/09/02-22:53:30,25.26,968.712,55.97461,0,0,0.0
2024/09/02-22:53:40,25.24,968.7363,55.9375,0,0,0.0
2024/09/02-22:53:51,25.24,968.7842,55.95996,0,0,0.0
2024/09/02-22:54:01,25.23,968.7484,55.90137,0,0,0.0
2024/09/02-22:54:12,25.21,968.7449,55.93262,0,0,0.0
2024/09/02-22:54:23,25.21,968.7369,55.95605,0,0,0.0
2024/09/02-22:54:33,25.21,968.8484,55.97949,0,0,0.0
2024/09/02-22:54:44,25.19,968.7969,55.98926,0,0,0.0
2024/09/02-22:54:54,25.19,968.8527,55.98926,0,0,0.0
2024/09/02-22:55:05,25.19,968.817,56.0,0,0,0.0
2024/09/02-22:55:16,25.19,968.817,56.01172,0,0,0.0
2024/09/02-22:55:26,25.19,968.8527,56.00098,0,0,0.0
2024/09/02-22:55:37,25.18,968.7255,56.01172,0,0,0.0
2024/09/02-22:55:47,25.17,968.7855,56.00977,0,0,0.0
2024/09/02-22:55:58,25.14,968.7462,56.08887,0,0,0.0
2024/09/02-22:56:08,25.12,968.854,56.13281,0,0,0.0
2024/09/02-22:56:19,25.13,968.7783,56.13379,0,0,0.0
2024/09/02-22:56:30,25.11,968.8104,56.27148,0,0,0.0
2024/09/02-22:56:40,25.11,968.8104,56.18945,0,0,0.0
2024/09/02-22:56:51,25.09,968.7511,56.35156,0,0,0.0
2024/09/02-22:57:01,25.1,968.7389,56.25879,0,0,0.0
2024/09/02-22:57:12,25.1,968.7747,56.21191,0,0,0.0
2024/09/02-22:57:23,25.1,968.7468,56.22363,0,0,0.0
2024/09/02-22:57:33,25.12,968.8261,56.15625,0,0,0.0
2024/09/02-22:57:45,25.12,968.7983,56.17969,0,0,0.0
2024/09/02-22:57:56,25.11,968.7625,56.23828,0,0,0.0
2024/09/02-22:58:06,25.12,968.8819,56.21484,0,0,0.0
2024/09/02-22:58:17,25.12,968.7704,56.17969,0,0,0.0
2024/09/02-22:58:28,25.12,968.8261,56.21484,0,0,0.0
2024/09/02-22:58:38,25.11,968.8183,56.20313,0,0,0.0
2024/09/02-22:58:49,25.12,968.8261,56.21484,0,0,0.0
2024/09/02-22:58:59,25.13,968.8619,56.27441,0,0,0.0
2024/09/02-22:59:10,25.1,968.7947,56.29395,0,0,0.0
2024/09/02-22:59:21,25.09,968.8346,56.38672,0,0,0.0
2024/09/02-22:59:31,25.07,968.8031,56.29102,0,0,0.0
2024/09/02-22:59:42,25.06,968.7395,56.30176,0,0,0.0
2024/09/02-22:59:52,25.08,968.8189,56.36133,0,0,0.0
2024/09/02-23:00:03,25.07,968.811,56.32617,0,0,0.0
2024/09/02-23:00:14,25.06,968.7875,56.27637,0,0,0.0
2024/09/02-23:00:24,25.06,968.7875,56.27637,0,0,0.0
2024/09/02-23:00:35,25.07,968.8589,56.32617,0,0,0.0
2024/09/02-23:00:45,25.06,968.7875,56.2998,0,0,0.0
2024/09/02-23:00:56,25.07,968.8031,56.38477,0,0,0.0
2024/09/02-23:01:07,25.06,968.8231,56.3252,0,0,0.0
2024/09/02-23:01:17,25.07,968.7475,56.39648,0,0,0.0
2024/09/02-23:01:28,25.07,968.8031,56.36133,0,0,0.0
2024/09/02-23:01:39,25.07,968.7275,56.37305,0,0,0.0
2024/09/02-23:01:49,25.1,968.8225,56.3291,0,0,0.0
2024/09/02-23:02:00,25.09,968.7311,56.28223,0,0,0.0
2024/09/02-23:02:10,25.09,968.7868,56.31738,0,0,0.0
2024/09/02-23:02:21,25.1,968.8504,56.31738,0,0,0.0
2024/09/02-23:02:32,25.07,968.7553,56.26758,0,0,0.0
2024/09/02-23:02:42,25.1,968.7389,56.30566,0,0,0.0
2024/09/02-23:02:53,25.08,968.8189,56.55957,0,0,0.0
2024/09/02-23:03:03,25.07,968.831,56.34961,0,0,0.0
2024/09/02-23:03:14,25.07,968.8389,56.39648,0,0,0.0
2024/09/02-23:03:25,25.07,968.7831,56.36133,0,0,0.0
2024/09/02-23:03:35,25.07,968.7553,56.37305,0,0,0.0
2024/09/02-23:03:46,25.06,968.7953,56.46484,0,0,0.0
2024/09/02-23:03:57,25.07,968.811,56.36133,0,0,0.0
2024/09/02-23:04:07,25.08,968.7632,56.33789,0,0,0.0
2024/09/02-23:04:18,25.08,968.8267,56.39746,0,0,0.0
2024/09/02-23:04:28,25.09,968.8068,56.36328,0,0,0.0
2024/09/02-23:04:39,25.09,968.7868,56.44629,0,0,0.0
2024/09/02-23:04:50,25.06,968.7595,56.40527,0,0,0.0
2024/09/02-23:05:00,25.09,968.7868,56.39941,0,0,0.0
2024/09/02-23:05:11,25.11,968.8383,56.31836,0,0,0.0
2024/09/02-23:05:22,25.11,968.8104,56.35352,0,0,0.0
2024/09/02-23:05:32,25.11,968.7825,56.35352,0,0,0.0
2024/09/02-23:05:43,25.13,968.834,56.29785,0,0,0.0
2024/09/02-23:05:53,25.13,968.8141,56.28613,0,0,0.0
2024/09/02-23:06:04,25.13,968.7862,56.34375,0,0,0.0
2024/09/02-23:06:15,25.14,968.7462,56.2998,0,0,0.0
2024/09/02-23:06:25,25.15,968.7897,56.26563,0,0,0.0
2024/09/02-23:06:36,25.16,968.7977,56.21875,0,0,0.0
2024/09/02-23:06:46,25.15,968.8176,56.20703,0,0,0.0
2024/09/02-23:06:57,25.15,968.7541,56.34668,0,0,0.0
2024/09/02-23:07:08,25.15,968.7897,56.30078,0,0,0.0
2024/09/02-23:07:18,25.14,968.7462,56.37012,0,0,0.0
2024/09/02-23:07:29,25.16,968.8333,56.37207,0,0,0.0
2024/09/02-23:07:41,25.15,968.7619,56.37109,0,0,0.0
2024/09/02-23:07:51,25.14,968.8019,56.39355,0,0,0.0
2024/09/02-23:08:02,25.14,968.7462,56.32324,0,0,0.0
2024/09/02-23:08:13,25.15,968.7619,56.30078,0,0,0.0
2024/09/02-23:08:23,25.17,968.8412,56.2666,0,0,0.0
2024/09/02-23:08:34,25.15,968.7619,56.26563,0,0,0.0
2024/09/02-23:08:44,25.17,968.8212,56.25586,0,0,0.0
2024/09/02-23:08:55,25.17,968.7098,56.24414,0,0,0.0
2024/09/02-23:09:06,25.18,968.6976,56.23438,0,0,0.0
2024/09/02-23:09:16,25.18,968.7813,56.29199,0,0,0.0
2024/09/02-23:09:27,25.18,968.7455,56.24609,0,0,0.0
2024/09/02-23:09:37,25.17,968.7377,56.30273,0,0,0.0
2024/09/02-23:09:48,25.17,968.7855,56.2666,0,0,0.0
2024/09/02-23:09:58,25.18,968.7813,56.17578,0,0,0.0
2024/09/02-23:10:09,25.17,968.7654,56.17383,0,0,0.0
2024/09/02-23:10:20,25.16,968.7419,56.17188,0,0,0.0
2024/09/02-23:10:30,25.17,968.7855,56.25488,0,0,0.0
2024/09/02-23:10:41,25.16,968.7419,56.25391,0,0,0.0
2024/09/02-23:10:51,25.15,968.8176,56.3125,0,0,0.0
2024/09/02-23:11:02,25.14,968.7462,56.27637,0,0,0.0
2024/09/02-23:11:13,25.15,968.6783,56.27734,0,0,0.0
2000/01/01-00:00:10,26.2,967.9345,88.25781,400,0,131.6667
2024/09/03-15:53:27,26.03,967.9274,51.3418,0,0,152.5
2024/09/03-15:53:38,25.87,967.983,51.63965,0,0,132.5
2024/09/03-15:53:49,25.92,967.9221,51.1875,0,0,102.5
2024/09/03-15:53:59,25.95,967.8855,51.14355,0,0,110.0
2024/09/03-15:54:10,25.99,967.9125,51.00684,0,0,124.1667
2024/09/03-15:54:20,26.03,968.0111,51.03613,0,0,133.3333
2024/09/03-15:54:31,26.07,967.9066,51.05176,0,0,135.0
2024/09/03-15:54:42,26.14,968.0008,50.73047,0,0,135.0
2024/09/03-15:54:52,26.17,967.992,50.55664,0,0,133.3333
2024/09/03-15:55:03,26.2,967.8997,50.80664,0,0,132.5
2024/09/03-15:55:13,26.24,967.9424,50.9541,0,0,130.8333
2024/09/03-15:55:24,26.29,967.9572,50.80664,0,0,120.8333
2024/09/03-15:56:16,27.12,967.9252,49.4043,0,0,121.6667
2024/09/03-15:56:27,26.57,968.0063,49.60254,0,0,120.8333
2024/09/03-15:56:38,26.53,967.8876,49.64551,0,0,113.3333
2024/09/03-15:56:48,26.5,968.0081,49.57227,0,0,112.5
2024/09/03-15:56:59,26.48,967.9489,49.58105,0,0,120.0
2024/09/03-15:57:10,26.5,967.9444,49.57129,0,0,127.5
2024/09/03-15:57:20,26.48,968.0046,49.56934,0,0,128.3333
2024/09/03-15:57:31,26.48,967.913,49.72168,0,0,128.3333
2024/09/03-15:57:41,26.49,967.9366,49.66406,0,0,130.0
2024/09/03-15:57:52,26.48,967.9489,49.5459,0,0,131.6667
2024/09/03-15:58:03,26.49,967.9366,49.8291,0,0,131.6667
2024/09/03-15:58:13,26.5,967.9244,49.80762,0,0,131.6667
2024/09/03-15:58:24,26.5,967.8964,49.83105,0,0,130.8333
2024/09/03-15:58:34,26.5,967.8964,49.66602,0,0,129.1667
2024/09/03-15:58:45,26.5,967.9523,49.6543,0,0,128.3333
2024/09/03-15:58:56,26.49,967.9567,49.63965,0,0,130.0
2024/09/03-15:59:06,26.49,967.9924,49.58203,0,0,132.5
2024/09/03-15:59:17,26.49,967.9366,49.76953,0,0,131.6667
2024/09/03-15:59:28,26.49,967.9366,49.67578,0,0,130.0
2024/09/03-17:59:39,26.49,967.9366,49.66406,0,0,127.5
2024/09/03-17:59:50,26.48,967.9767,49.78027,0,0,125.0
2024/09/03-18:00:02,26.5,967.9444,49.79492,0,0,122.5
2024/09/03-18:00:13,26.49,967.8808,49.89941,0,0,122.5
2024/09/03-18:00:23,26.51,967.9322,49.72461,0,0,122.5
2024/09/03-18:00:34,26.53,967.9436,49.72754,0,0,124.1667
2024/09/03-18:00:45,26.54,967.9793,49.63379,0,0,126.6667
2024/09/03-18:00:55,26.55,967.967,49.6709,0,0,128.3333
2024/09/03-18:01:06,26.55,967.967,49.6123,0,0,128.3333
2024/09/03-18:01:16,26.54,967.8755,49.7168,0,0,123.3333
2024/09/03-18:01:27,26.54,967.9872,49.61133,0,0,119.1667
2024/09/03-18:01:38,26.55,967.995,49.63574,0,0,115.8333
2024/09/03-18:01:48,26.56,967.9626,49.73047,0,0,115.0
2024/09/03-18:01:59,26.56,967.9828,49.58984,0,0,111.6667
2024/09/03-18:02:10,26.54,967.8476,49.74023,0,0,105.0
2024/09/03-18:02:20,26.53,967.9156,49.71582,0,0,99.99999
2024/09/03-18:02:31,26.53,967.9156,49.75098,0,0,97.49999
2024/09/03-18:02:41,26.51,967.9122,49.73633,0,0,95.83333
2024/09/03-18:02:52,26.51,967.9959,49.74805,0,0,95.83333
2024/09/03-18:03:03,26.52,967.92,49.84375,0,0,96.66666
2024/09/03-18:03:13,26.51,967.9401,49.72461,0,0,98.33333
2024/09/03-18:03:24,26.51,967.9122,49.86621,0,0,101.6667
2024/09/03-18:03:34,26.51,967.9401,49.87793,0,0,104.1667
2024/09/03-18:03:45,26.51,967.9043,49.72461,0,0,107.5
2024/09/03-18:03:55,26.52,967.8921,49.64355,0,0,108.3333
2024/09/03-18:04:06,26.5,967.9523,49.63086,0,0,106.6667
2024/09/03-18:04:17,26.49,967.9087,49.66406,0,0,107.5
2024/09/03-18:04:27,26.51,967.9601,49.67773,0,0,110.0
2024/09/03-18:04:38,26.5,967.9523,49.6543,0,0,110.0
2024/09/03-18:04:48,26.52,967.9558,49.67969,0,0,107.5
2024/09/03-18:04:59,26.52,967.92,49.65527,0,0,100.8333
2024/09/03-18:05:10,26.56,967.9348,49.66016,0,0,99.99999
2024/09/03-18:05:20,26.56,967.899,49.50684,0,0,97.49999
2024/09/03-18:05:31,26.57,967.8947,49.60254,0,0,91.66666
2024/09/03-18:05:41,26.57,967.8947,49.36719,0,0,85.83333
2024/09/03-18:05:52,26.57,967.8589,49.44922,0,0,80.0
2024/09/03-18:06:02,26.57,967.8868,49.42578,0,0,77.5
2024/09/03-18:06:13,26.57,967.8667,49.4375,0,0,75.83333
2024/09/03-18:06:24,26.58,967.9025,49.42676,0,0,75.83333
2024/09/03-18:06:34,26.57,967.9147,49.46094,0,0,76.66666
2024/09/03-18:06:45,26.57,967.9226,49.39063,0,0,78.33333
2024/09/03-18:06:55,26.58,967.8546,49.46289,0,0,80.0
2024/09/03-18:07:06,26.59,967.8702,49.3457,0,0,87.5
2024/09/03-18:07:17,26.6,967.8859,49.85352,0,0,93.33333
2024/09/03-18:07:27,26.62,967.9174,49.41992,0,0,99.16666
2024/09/03-18:07:38,26.62,967.9373,49.3252,0,0,105.0
2024/09/03-18:07:48,26.61,967.9216,49.46582,0,0,102.5
2024/09/03-18:07:59,26.6,967.8222,49.3584,0,0,96.66666
2024/09/03-18:08:10,26.59,967.8702,49.32227,0,0,89.16666
2024/09/03-18:08:20,26.56,967.9348,49.31934,0,0,81.66666
2024/09/03-18:08:31,26.53,967.8599,49.38672,0,0,77.5
2024/09/03-18:08:41,26.51,967.9122,49.34863,0,0,77.5
2024/09/03-18:08:52,26.5,967.8886,49.37109,0,0,77.5
2024/09/03-18:09:03,26.49,967.845,49.27539,0,0,77.5
2024/09/03-18:09:13,26.46,967.9453,49.29688,0,0,79.16666
2024/09/03-18:09:24,26.45,967.8738,49.26074,0,0,81.66666
2024/09/03-18:09:34,26.48,967.8092,49.36914,0,0,83.33333
2024/09/03-18:09:45,26.49,967.9087,49.34668,0,0,80.0
2024/09/03-18:09:57,26.48,967.921,49.25098,0,0,80.0
2024/09/03-18:10:08,26.47,967.9052,49.25,0,0,86.66666
2024/09/03-18:10:18,26.46,967.8817,49.18945,0,0,85.83333
2024/09/03-18:10:29,26.44,967.9139,49.02441,0,0,79.16666
2024/09/03-18:10:40,26.43,967.8983,49.11621,0,0,75.83333
2024/09/03-18:10:50,26.44,967.9139,49.07129,0,0,75.0
2024/09/03-18:11:01,26.45,967.9017,49.06055,0,0,74.16666
2024/09/03-18:11:11,26.48,967.9409,49.05176,0,0,74.16666
2024/09/03-18:11:22,26.47,967.9331,49.02734,0,0,74.16666
2024/09/03-18:11:33,26.48,967.913,49.14551,0,0,75.0
2024/09/03-18:11:43,26.46,967.8817,49.0957,0,0,77.5
2024/09/03-18:11:54,26.44,967.9139,49.05957,0,0,78.33333
2024/09/03-18:12:04,26.43,967.8983,48.99902,0,0,78.33333
2024/09/03-18:12:15,26.42,967.8468,49.02148,0,0,82.5
2024/09/03-18:12:26,26.43,967.9462,49.01074,0,0,91.66666
2024/09/03-18:12:36,26.44,967.9139,49.00098,0,0,105.0
2024/09/03-18:12:47,26.45,967.8738,49.01367,0,0,118.3333
2024/09/03-18:12:58,26.45,967.9296,48.97754,0,0,123.3333
2024/09/03-18:13:08,26.47,967.8773,48.90918,0,0,123.3333
2024/09/03-18:13:19,26.49,967.9288,48.92188,0,0,117.5
2024/09/03-18:13:29,26.46,967.9174,48.91992,0,0,110.0
2024/09/03-18:13:40,26.47,967.9052,48.85059,0,0,108.3333
2024/09/03-18:13:51,26.47,967.9531,48.91992,0,0,96.66666
2024/09/03-18:14:01,26.47,967.9052,48.93262,0,0,97.49999
2024/09/03-18:14:12,26.48,967.913,48.93359,0,0,102.5
2024/09/03-18:14:23,26.47,967.9052,48.93262,0,0,98.33333
2024/09/03-18:14:33,26.46,967.9453,48.9668,0,0,110.0
2024/09/03-18:14:44,26.47,967.9052,48.8623,0,0,116.6667
2024/09/03-18:14:54,26.45,967.9017,49.02539,0,0,123.3333
2024/09/03-18:15:05,26.45,967.9017,48.91895,0,0,122.5
2024/09/03-18:15:16,26.45,967.9296,48.9541,0,0,123.3333
2024/09/03-18:15:26,26.43,967.8983,48.97461,0,0,122.5
2024/09/03-18:15:37,26.45,967.9575,48.9541,0,0,120.8333
2024/09/03-18:15:47,26.47,967.9331,49.0625,0,0,120.0
2024/09/03-18:15:58,26.51,967.9122,48.93652,0,0,119.1667
2024/09/03-16:16:25,26.74,967.9207,48.90332,0,0,119.1667
2024/09/03-16:16:36,26.52,967.9278,48.87988,0,0,120.8333
2024/09/03-16:16:47,26.52,967.9758,48.80859,0,0,121.6667
2024/09/03-16:16:57,26.51,967.9401,48.86621,0,0,121.6667
2024/09/03-16:17:08,26.5,967.8406,48.76074,0,0,122.5
2024/09/03-16:17:18,26.5,967.9523,48.83105,0,0,122.5
2024/09/03-16:17:29,26.5,967.8328,48.83008,0,0,122.5
2024/09/03-16:17:40,26.5,967.9444,48.79492,0,0,121.6667
2024/09/03-16:17:50,26.5,967.8964,48.88965,0,0,121.6667
2024/09/03-16:18:01,26.5,967.9523,48.74902,0,0,121.6667
2024/09/03-16:18:11,26.48,967.8572,48.69824,0,0,120.8333
2024/09/03-16:21:37,26.67,967.8579,48.37891,0,0,117.5
2024/09/03-16:21:52,26.98,967.7406,48.08008,0,0,116.6667
2024/09/03-16:22:03,26.5,967.7569,48.30176,0,0,116.6667
2024/09/03-16:22:14,26.48,967.8651,48.33398,0,0,115.8333
2024/09/03-16:22:24,26.47,967.8773,48.28613,0,0,116.6667
2024/09/03-16:22:35,26.48,967.8092,48.4043,0,0,116.6667
2024/09/03-16:22:45,26.46,967.8058,48.27344,0,0,117.5
2024/09/03-16:22:56,26.48,967.8651,48.42773,0,0,117.5
2024/09/03-16:31:41,26.8,967.753,48.32031,0,0,107.5
2024/09/03-16:31:52,26.59,967.7506,48.35742,0,0,107.5
2024/09/03-16:32:03,26.59,967.7026,48.32129,0,0,106.6667
2024/09/03-16:32:13,26.58,967.7428,48.45117,0,0,106.6667
2024/09/03-16:32:20,27.1,967.6696,48.15234,0,0,107.5
2024/09/03-16:33:47,26.78,967.6831,48.44824,0,0,105.0
2024/09/03-16:34:03,27.08,967.6539,48.18555,0,0,104.1667
2024/09/03-16:36:04,26.76,967.6928,48.44727,0,0,103.3333
2024/09/03-16:36:21,27.08,967.6355,48.2334,0,0,103.3333
2024/09/03-16:36:32,26.6,967.6905,48.31152,0,0,102.5
2024/09/03-16:36:43,26.6,967.7184,48.35938,0,0,102.5
2024/09/03-16:36:53,26.6,967.7184,48.28809,0,0,102.5
2024/09/03-18:38:23,27.12,967.6755,88.3457,0,0,101.6667
2024/09/03-16:38:32,26.82,967.6683,48.27637,0,0,101.6667
2024/09/03-16:38:43,26.62,967.7219,48.29004,0,0,101.6667
2024/09/03-16:38:54,26.61,967.7062,48.21875,0,0,101.6667
2024/09/03-16:39:04,26.61,967.6503,48.37207,0,0,101.6667
2024/09/03-16:39:15,26.63,967.7096,48.33887,0,0,101.6667
2024/09/03-16:39:25,26.63,967.7096,48.25684,0,0,101.6667
2024/09/03-16:39:36,26.6,967.6905,48.20605,0,0,99.99999
2024/09/03-16:39:47,26.61,967.7341,48.30078,0,0,101.6667
2024/09/03-16:39:57,26.61,967.6783,48.33594,0,0,101.6667
2024/09/03-16:40:08,26.61,967.6783,48.32422,0,0,101.6667
2024/09/03-16:40:19,26.62,967.6939,48.33691,0,0,101.6667
2024/09/03-16:40:29,26.63,967.7017,48.30273,0,0,97.49999
2024/09/03-16:40:40,26.64,967.7253,48.39844,0,0,100.8333
2024/09/03-16:40:50,26.67,967.6606,48.31934,0,0,100.8333
2024/09/03-16:41:01,26.67,967.6528,48.4248,0,0,100.8333
2024/09/03-16:41:12,26.65,967.5734,48.30566,0,0,100.8333
2024/09/03-16:41:22,26.64,967.6694,48.31543,0,0,99.99999
2024/09/03-16:41:33,26.65,967.6852,48.24707,0,0,99.16666
2024/09/03-16:41:43,26.67,967.7087,48.30664,0,0,97.49999
2024/09/03-16:41:54,26.67,967.7166,48.42578,0,0,98.33333
2024/09/03-16:42:05,26.67,967.7723,48.34277,0,0,99.99999
2024/09/03-16:42:15,26.69,967.692,48.2627,0,0,99.99999
2024/09/03-16:42:26,26.69,967.6842,48.15527,0,0,99.99999
2024/09/03-16:42:37,26.66,967.6372,48.17676,0,0,99.16666
2024/09/03-16:42:47,26.67,967.7087,48.27148,0,0,99.16666
2024/09/03-16:42:58,26.65,967.6852,48.2002,0,0,99.99999
2024/09/03-16:43:08,26.65,967.6774,48.35156,0,0,99.16666
2024/09/03-16:43:19,26.65,967.6494,48.28125,0,0,99.16666
2024/09/03-16:43:30,26.64,967.7253,48.30371,0,0,99.99999
2024/09/03-16:43:42,26.62,967.7219,48.33691,0,0,99.99999
2024/09/03-16:43:52,26.64,967.6616,48.30371,0,0,99.99999
2024/09/03-16:44:03,26.68,967.6686,48.37891,0,0,99.99999
2024/09/03-16:44:14,26.67,967.6606,48.30762,0,0,99.16666
2024/09/03-16:44:24,26.67,967.7166,48.14258,0,0,97.49999
2024/09/03-16:44:35,26.68,967.6686,48.30762,0,0,99.16666
2024/09/03-16:44:45,26.69,967.692,48.21582,0,0,99.16666
2024/09/03-16:44:56,26.67,967.7645,48.18945,0,0,99.16666
2024/09/03-16:45:07,26.68,967.7244,48.20215,0,0,99.16666
2024/09/03-16:45:17,26.64,967.6694,48.29199,0,0,99.16666
2024/09/03-16:45:28,26.64,967.6694,48.32715,0,0,99.16666
2024/09/03-16:45:38,26.62,967.6861,48.33594,0,0,99.16666
2024/09/03-16:45:49,26.61,967.6783,48.38379,0,0,99.16666
2024/09/03-16:46:00,26.6,967.7184,48.53516,0,0,99.16666
2024/09/03-16:46:10,26.62,967.666,48.4082,0,0,99.16666
2024/09/03-16:46:21,26.64,967.6895,48.38672,0,0,99.16666
2024/09/03-16:46:31,26.61,967.6503,48.37207,0,0,98.33333
2024/09/03-16:46:42,26.62,967.6861,48.33594,0,0,98.33333
2024/09/03-16:46:53,26.59,967.7026,48.39258,0,0,98.33333
2024/09/03-16:47:03,26.58,967.6791,48.37988,0,0,98.33333
2024/09/03-16:47:14,26.61,967.6704,48.5957,0,0,98.33333
2024/09/03-16:47:24,26.66,967.6372,48.48242,0,0,97.49999
2024/09/03-16:47:35,26.69,967.6284,48.30859,0,0,97.49999
2024/09/03-16:47:45,26.68,967.6764,48.32031,0,0,97.49999
2024/09/03-16:47:56,26.69,967.692,48.4043,0,0,97.49999
2024/09/03-16:48:07,26.69,967.6842,48.32031,0,0,97.49999
2024/09/03-16:48:17,26.68,967.6205,48.28516,0,0,97.49999
2024/09/03-16:48:28,26.67,967.7444,48.31934,0,0,96.66666
2024/09/03-16:48:38,26.65,967.6014,48.41211,0,0,96.66666
2024/09/03-16:48:49,26.64,967.6694,48.41016,0,0,96.66666
2024/09/03-16:49:00,26.63,967.598,48.42188,0,0,96.66666
2024/09/03-16:49:10,26.61,967.7341,48.40723,0,0,96.66666
2024/09/03-16:49:21,26.6,967.6547,48.51074,0,0,96.66666
2024/09/03-16:49:31,26.61,967.6503,48.50098,0,0,95.83333
2024/09/03-16:49:42,26.61,967.6223,48.47754,0,0,95.83333
2024/09/03-16:49:53,26.6,967.6625,48.48828,0,0,95.83333
2024/09/03-16:50:03,26.58,967.6033,48.50977,0,0,95.83333
2024/09/03-16:50:14,26.57,967.6077,48.5791,0,0,95.83333
2024/09/03-16:50:24,26.57,967.6155,48.60254,0,0,95.83333
2024/09/03-16:50:35,26.57,967.6155,48.60254,0,0,95.83333
2024/09/03-16:50:45,26.59,967.639,48.60449,0,0,95.83333
2024/09/03-16:50:56,26.57,967.6713,48.59082,0,0,95.0
2024/09/03-16:51:07,26.53,967.6086,48.68066,0,0,95.0
2024/09/03-16:51:17,26.53,967.6286,48.81055,0,0,95.0
2024/09/03-16:51:28,26.52,967.6766,48.75,0,0,95.0
2024/09/03-16:51:38,26.52,967.6487,48.84473,0,0,95.0
2024/09/03-16:51:49,26.52,967.6487,48.83301,0,0,94.16666
2024/09/03-16:52:00,26.55,967.6042,48.75293,0,0,93.33333
2024/09/03-16:52:10,26.55,967.6042,48.77734,0,0,91.66666
2024/09/03-16:52:21,26.55,967.6399,48.80078,0,0,89.16666
2024/09/03-16:52:31,26.53,967.6086,48.78711,0,0,86.66666
2024/09/03-16:52:42,26.53,967.5449,48.83398,0,0,83.33333
2024/09/03-16:52:53,26.53,967.5806,48.9043,0,0,80.0
2024/09/03-16:53:03,26.56,967.6277,48.8252,0,0,77.5
2024/09/03-16:53:14,26.56,967.6478,48.76563,0,0,78.33333
2024/09/03-16:53:25,26.54,967.6242,48.76367,0,0,79.16666
2024/09/03-16:53:37,26.52,967.565,48.80957,0,0,79.16666
2024/09/03-16:53:47,26.52,967.5928,48.83301,0,0,79.16666
2024/09/03-16:53:58,26.52,967.5928,48.85645,0,0,78.33333
2024/09/03-16:54:08,26.52,967.585,48.84375,0,0,77.5
2024/09/03-16:54:19,26.51,967.5772,48.87793,0,0,77.5
2024/09/03-16:54:30,26.51,967.5772,48.87793,0,0,79.16666
2024/09/03-16:54:40,26.51,967.5973,48.81934,0,0,80.0
2024/09/03-16:54:51,26.48,967.5302,48.875,0,0,79.16666
2024/09/03-16:55:02,26.48,967.5781,48.86328,0,0,77.5
2024/09/03-16:55:12,26.48,967.5859,48.94531,0,0,75.0
2024/09/03-16:55:23,26.46,967.6104,48.84961,0,0,74.16666
2024/09/03-16:55:33,26.46,967.6104,48.93164,0,0,74.16666
2024/09/03-16:55:44,26.46,967.5825,48.95508,0,0,75.0
2024/09/03-16:55:55,26.45,967.6505,48.96582,0,0,75.83333
2024/09/03-16:56:05,26.44,967.627,49.02344,0,0,76.66666
2024/09/03-16:56:16,26.45,967.5668,48.97754,0,0,77.5
2024/09/03-16:56:26,26.44,967.6348,49.0127,0,0,78.33333
2024/09/03-16:56:37,26.46,967.5467,48.96582,0,0,79.16666
2024/09/03-16:56:48,26.46,967.6104,49.00293,0,0,79.16666
2024/09/03-16:56:58,26.45,967.5389,49.01367,0,0,80.0
2024/09/03-16:57:09,26.46,967.6025,49.00195,0,0,80.0
2024/09/03-16:57:20,26.47,967.5981,49.02734,0,0,80.0
2024/09/03-16:57:30,26.47,967.5703,48.88574,0,0,79.16666
2024/09/03-16:57:41,26.49,967.538,48.86328,0,0,77.5
2024/09/03-16:57:51,26.5,967.5536,48.86523,0,0,76.66666
2024/09/03-16:58:02,26.49,967.5458,48.87598,0,0,76.66666
2024/09/03-16:58:13,26.48,967.5302,48.91016,0,0,77.5
2024/09/03-16:58:23,26.48,967.6697,48.89844,0,0,78.33333
2024/09/03-16:58:34,26.48,967.6417,48.91016,0,0,79.16666
2024/09/03-16:58:44,26.5,967.6174,48.86621,0,0,78.33333
2024/09/03-16:58:55,26.51,967.5694,48.83105,0,0,78.33333
2024/09/03-16:59:06,26.53,967.5527,48.78711,0,0,76.66666
2024/09/03-16:59:16,26.52,967.6208,48.7627,0,0,75.0
2024/09/03-16:59:27,26.5,967.5615,48.74902,0,0,73.33333
2024/09/03-16:59:37,26.5,967.5894,48.80762,0,0,71.66666
2024/09/03-16:59:48,26.52,967.585,48.87891,0,0,70.83333
2024/09/03-16:59:58,26.51,967.5213,48.80762,0,0,70.0
2024/09/03-17:00:09,26.5,967.5615,48.84277,0,0,70.83333
2024/09/03-17:00:20,26.5,967.6096,48.81836,0,0,72.5
2024/09/03-17:00:30,26.5,967.6373,48.85352,0,0,72.5
2024/09/03-17:00:41,26.49,967.5938,48.94531,0,0,73.33333
2024/09/03-17:00:51,26.5,967.5815,48.88867,0,0,73.33333
2024/09/03-17:01:02,26.52,967.613,48.83203,0,0,74.16666
2024/09/03-17:01:13,26.51,967.5772,48.88965,0,0,75.0
2024/09/03-17:01:23,26.49,967.5458,48.89941,0,0,74.16666
2024/09/03-17:01:34,26.5,967.5615,48.91309,0,0,74.16666
2024/09/03-17:01:44,26.5,967.5894,48.91309,0,0,74.16666
2024/09/03-17:01:55,26.5,967.5894,48.94824,0,0,74.16666
2024/09/03-17:02:06,26.51,967.5973,48.93652,0,0,75.0
2024/09/03-17:02:16,26.49,967.6016,48.89941,0,0,75.0
2024/09/03-17:02:27,26.49,967.6016,48.93457,0,0,75.0
2024/09/03-17:02:37,26.48,967.5859,48.92188,0,0,75.83333
2024/09/03-17:02:48,26.47,967.5345,48.97852,0,0,75.83333
2024/09/03-17:02:59,26.47,967.5703,49.05078,0,0,74.16666
2024/09/03-17:03:09,26.46,967.5746,49.01367,0,0,72.5
2024/09/03-17:03:20,26.44,967.5231,49.00098,0,0,71.66666
2024/09/03-17:03:32,26.43,967.5075,49.06934,0,0,69.16666
2024/09/03-17:03:42,26.4,967.572,49.07813,0,0,65.83333
2024/09/03-17:03:53,26.41,967.5799,49.18359,0,0,64.16666
2024/09/03-17:04:04,26.39,967.4526,49.17188,0,0,62.5
2024/09/03-17:04:14,26.39,967.5564,49.21777,0,0,60.0
2024/09/03-17:04:25,26.38,967.5686,49.20508,0,0,58.33333
2024/09/03-17:04:35,26.37,967.5529,49.2041,0,0,57.5
2024/09/03-17:04:46,26.38,967.5128,49.19336,0,0,55.83333
2024/09/03-17:04:57,26.39,967.5363,49.25488,0,0,55.83333
2024/09/03-17:05:07,26.39,967.5284,49.24121,0,0,55.0
2024/09/03-17:05:18,26.39,967.5564,49.26563,0,0,54.16666
2024/09/03-17:05:28,26.4,967.5162,49.19531,0,0,53.33333
2024/09/03-17:05:39,26.41,967.5041,49.20801,0,0,51.66666
2024/09/03-17:05:50,26.4,967.4604,49.19531,0,0,51.66666
2024/09/03-17:06:00,26.38,967.4849,49.2168,0,0,51.66666
2024/09/03-17:06:11,26.35,967.4936,49.20215,0,0,50.83333
2024/09/03-17:06:21,26.35,967.5573,49.2373,0,0,50.83333
2024/09/03-17:06:32,26.34,967.478,49.29492,0,0,50.83333
2024/09/03-17:06:43,26.33,967.5181,49.3291,0,0,50.83333
2024/09/03-17:06:53,26.33,967.5259,49.35352,0,0,50.0
2024/09/03-17:07:04,26.33,967.4902,49.35254,0,0,50.0
2024/09/03-17:07:15,26.32,967.4744,49.36328,0,0,50.0
2024/09/03-17:07:25,26.32,967.4543,49.34082,0,0,50.0
2024/09/03-17:07:36,26.32,967.5101,49.39941,0,0,49.16666
2024/09/03-17:07:46,26.33,967.4902,49.37598,0,0,49.16666
2024/09/03-17:07:57,26.34,967.5338,49.33008,0,0,49.16666
2024/09/03-17:08:08,26.35,967.5215,49.34375,0,0,49.16666
2024/09/03-17:08:18,26.33,967.4902,49.29395,0,0,48.33333
2024/09/03-17:08:29,26.33,967.4142,49.2832,0,0,49.16666
2024/09/03-17:08:39,26.35,967.5014,49.29688,0,0,49.16666
2024/09/03-17:08:50,26.37,967.4692,49.18066,0,0,49.16666
2024/09/03-17:09:01,26.37,967.4771,49.2168,0,0,48.33333
2024/09/03-17:09:11,26.37,967.4692,49.24023,0,0,48.33333
2024/09/03-17:09:22,26.35,967.4378,49.29688,0,0,48.33333
2024/09/03-17:09:33,26.36,967.4814,49.27344,0,0,48.33333
2024/09/03-17:09:43,26.38,967.457,49.27637,0,0,48.33333
2024/09/03-17:09:54,26.38,967.4648,49.13477,0,0,48.33333
2024/09/03-17:10:04,26.39,967.5005,49.10059,0,0,47.5
2024/09/03-17:10:15,26.39,967.4805,49.07813,0,0,47.5
2024/09/03-17:10:26,26.39,967.4447,49.00684,0,0,47.5
2024/09/03-17:10:36,26.39,967.4526,49.07813,0,0,47.5
2024/09/03-17:10:47,26.4,967.4045,49.03125,0,0,47.5
2024/09/03-17:10:58,26.39,967.5084,49.04297,0,0,47.5
2024/09/03-17:11:08,26.41,967.4203,49.03223,0,0,47.5
2024/09/03-17:11:19,26.41,967.4761,49.05566,0,0,47.5
2024/09/03-17:11:29,26.39,967.4447,48.9834,0,0,46.66666
2024/09/03-17:11:40,26.39,967.4447,49.03027,0,0,46.66666
2024/09/03-17:11:50,26.39,967.4447,48.94727,0,0,46.66666
2024/09/03-17:12:01,26.39,967.5005,49.05371,0,0,46.66666
2024/09/03-17:12:12,26.39,967.5284,49.04199,0,0,46.66666
2024/09/03-17:12:22,26.4,967.4883,49.06641,0,0,46.66666
2024/09/03-17:12:33,26.41,967.4683,48.94824,0,0,46.66666
2024/09/03-17:12:43,26.43,967.4517,49.05762,0,0,46.66666
2024/09/03-17:12:54,26.44,967.4673,48.89453,0,0,46.66666
2024/09/03-17:13:05,26.44,967.4673,48.94141,0,0,46.66666
2024/09/03-17:13:15,26.44,967.4595,48.8584,0,0,46.66666
2024/09/03-17:13:27,26.43,967.4997,48.82227,0,0,45.83333
2024/09/03-17:13:38,26.41,967.532,48.87891,0,0,45.0
2024/09/03-17:13:48,26.42,967.4918,48.95117,0,0,45.0
2024/09/03-17:13:59,26.42,967.5119,48.8916,0,0,45.0
2024/09/03-17:14:10,26.4,967.5162,48.94824,0,0,45.0
2024/09/03-17:14:20,26.38,967.4648,48.8877,0,0,45.0
2024/09/03-17:14:31,26.36,967.5093,48.89648,0,0,45.0
2024/09/03-17:14:41,26.37,967.4692,48.83984,0,0,45.0
2024/09/03-17:14:52,26.36,967.4814,48.91992,0,0,45.0
2024/09/03-17:15:02,26.37,967.4692,48.83984,0,0,45.0
2024/09/03-17:15:13,26.37,967.5328,48.86426,0,0,44.16666
2024/09/03-17:15:24,26.38,967.457,49.26465,0,0,44.16666
2024/09/03-17:15:34,26.37,967.4213,48.98242,0,0,42.5
2024/09/03-17:15:45,26.37,967.525,48.91016,0,0,42.5
2024/09/03-17:15:55,26.36,967.4534,49.0498,0,0,42.5
2024/09/03-17:16:06,26.35,967.4177,49.06152,0,0,42.5
2024/09/03-17:16:17,26.35,967.4456,48.94336,0,0,42.5
2024/09/03-17:16:27,26.34,967.4858,48.97852,0,0,42.5
2024/09/03-17:16:38,26.35,967.5014,48.93164,0,0,42.5
2024/09/03-17:16:48,26.35,967.5294,48.86133,0,0,44.16666
2024/09/03-17:16:59,26.36,967.5372,48.91992,0,0,44.16666
2024/09/03-17:17:10,26.33,967.4701,48.92969,0,0,44.16666
2024/09/03-17:17:20,26.34,967.478,49.0127,0,0,44.16666
2024/09/03-17:17:31,26.33,967.5181,48.92871,0,0,44.16666
2024/09/03-17:17:41,26.32,967.566,48.95215,0,0,44.16666
2024/09/03-17:17:52,26.3,967.5344,49.00879,0,0,44.16666
2024/09/03-17:18:03,26.32,967.5381,49.07031,0,0,44.16666
2024/09/03-17:18:13,26.33,967.5181,48.91699,0,0,44.16666
2024/09/03-17:18:24,26.32,967.4465,49.01074,0,0,44.16666
2024/09/03-17:18:34,26.3,967.5622,49.02051,0,0,44.16666
2024/09/03-17:18:45,26.29,967.5186,49.05469,0,0,44.16666
2024/09/03-17:18:56,26.29,967.5666,49.125,0,0,44.16666
2024/09/03-17:19:06,26.29,967.5387,49.06641,0,0,44.16666
2024/09/03-17:19:17,26.3,967.4785,49.09082,0,0,43.33333
2024/09/03-17:19:27,26.29,967.5108,49.07813,0,0,43.33333
2024/09/03-17:19:38,26.29,967.5745,49.05469,0,0,43.33333
2024/09/03-17:19:49,26.28,967.503,49.1123,0,0,43.33333
2024/09/03-17:19:59,26.28,967.5229,49.09961,0,0,43.33333
2024/09/03-17:20:10,26.27,967.543,49.14648,0,0,44.16666
2024/09/03-17:20:20,26.28,967.551,49.11133,0,0,44.16666
2024/09/03-17:20:31,26.31,967.4863,49.17383,0,0,44.16666
2024/09/03-17:20:42,26.29,967.5108,49.05469,0,0,44.16666
2024/09/03-17:20:52,26.29,967.5466,49.08984,0,0,44.16666
2024/09/03-17:21:03,26.29,967.5945,48.97266,0,0,44.16666
2024/09/03-17:21:14,26.29,967.5666,49.08984,0,0,44.16666
2024/09/03-17:21:24,26.29,967.5466,49.04297,0,0,44.16666
2024/09/03-17:21:35,26.31,967.598,49.55078,0,0,44.16666
2024/09/03-17:21:46,26.32,967.5023,49.11621,0,0,44.16666
2024/09/03-17:21:56,26.35,967.5773,49.01465,0,0,45.0
2024/09/03-17:22:07,26.36,967.573,48.89746,0,0,45.0
2024/09/03-17:22:17,26.35,967.5494,48.93164,0,0,45.0
2024/09/03-17:23:01,26.98,967.4892,48.66895,0,0,44.16666
2024/09/03-17:23:16,26.95,967.5815,48.59668,0,0,43.33333
2024/09/03-17:23:27,26.47,967.5981,48.81543,0,0,43.33333
2024/09/03-17:23:37,26.47,967.5981,48.82715,0,0,44.16666
2024/09/03-17:23:48,26.46,967.5545,48.7793,0,0,44.16666
2024/09/03-17:24:00,26.44,967.6348,48.82422,0,0,44.16666
2024/09/03-17:24:11,26.45,967.6505,48.91895,0,0,44.16666
2024/09/03-17:24:21,26.47,967.6183,48.84961,0,0,44.16666
2024/09/03-17:24:32,26.46,967.6104,48.76758,0,0,44.16666
2024/09/03-17:24:42,26.48,967.6897,48.83984,0,0,43.33333
2024/09/03-17:24:53,26.49,967.6853,48.84082,0,0,43.33333
2024/09/03-17:25:04,26.49,967.6496,48.93359,0,0,43.33333
2024/09/03-17:25:14,26.47,967.6261,48.93262,0,0,43.33333
2024/09/03-17:25:25,26.46,967.6941,48.9082,0,0,43.33333
2024/09/03-17:25:35,26.45,967.6505,48.96582,0,0,43.33333
2024/09/03-17:25:46,26.45,967.6505,48.96582,0,0,43.33333
2024/09/03-17:25:56,26.44,967.6548,48.92871,0,0,43.33333
2024/09/03-17:26:54,26.98,967.5808,48.58789,0,0,43.33333
2024/09/03-17:27:09,26.95,967.6172,48.65527,0,0,43.33333
2024/09/03-17:27:20,26.47,967.6741,48.83789,0,0,43.33333
2024/09/03-17:38:27,26.53,967.5571,49.11621,0,0,42.5
2024/09/03-17:38:38,26.33,967.6017,49.23438,0,0,42.5
2024/09/03-17:38:49,26.34,967.6175,49.08301,0,0,42.5
2024/09/03-17:38:59,26.33,967.6017,49.11719,0,0,41.66666
2024/09/03-19:39:42,26.84,967.5879,88.31543,0,0,41.66666
2024/09/03-20:58:40,26.56,968.3047,88.29395,0,0,0.0
2024/09/03-18:59:18,26.38,968.2829,53.88281,0,0,0.8333333
2024/09/03-18:59:29,26.22,968.3016,53.66406,0,0,0.8333333
2024/09/03-18:59:40,26.28,968.3044,53.48242,0,0,0.8333333
2024/09/03-18:59:50,26.29,968.3,53.34375,0,0,0.8333333
2024/09/03-19:00:01,26.31,968.2678,53.25195,0,0,0.8333333
2024/09/03-21:00:38,26.91,968.3122,88.32715,0,0,0.0
2024/09/03-21:00:49,26.43,968.3091,52.88965,0,0,0.8333333
2024/09/03-21:00:56,26.93,968.3044,52.64258,0,0,0.0
2024/09/03-21:01:07,26.45,968.432,52.72852,0,0,0.0
2024/09/03-21:01:18,26.42,968.4128,52.7373,0,0,0.0
2024/09/03-21:01:28,26.44,968.3884,52.72754,0,0,0.8333333
2024/09/03-21:01:39,26.43,968.3169,52.81934,0,0,0.8333333
2024/09/03-21:01:50,26.42,968.3771,52.86523,0,0,0.8333333
2024/09/03-21:02:00,26.39,968.3378,53.00293,0,0,1.666667
2024/09/03-21:02:11,26.37,968.3622,53.0127,0,0,0.8333333
2024/09/03-21:02:21,26.33,968.3831,53.03125,0,0,0.8333333
2024/09/03-21:02:32,26.28,968.3959,53.08398,0,0,1.666667
2024/09/03-21:02:43,26.28,968.3401,53.16699,0,0,0.8333333
2024/09/03-21:02:53,26.29,968.4116,53.09766,0,0,0.8333333
2024/09/03-21:03:04,26.32,968.4512,53.07715,0,0,1.666667
2024/09/03-19:03:16,26.54,968.3536,53.06836,0,0,0.8333333
2024/09/03-19:03:32,26.87,968.3499,52.69531,0,0,0.8333333
2024/09/03-19:03:43,26.38,968.378,53.03711,0,0,0.8333333
2024/09/03-19:03:53,26.32,968.3953,53.19434,0,0,0.0
2024/09/03-19:07:29,26.43,968.3736,53.18359,0,0,0.8333333
2024/09/03-19:08:15,26.39,968.3928,53.32129,0,0,0.8333333
2024/09/03-20:02:39,25.39,968.4872,88.1709,400,0,0.0
2024/09/03-20:02:50,25.18,968.5583,56.49121,400,0,0.0
2024/09/03-20:03:01,25.17,968.5148,56.56055,400,0,0.0
2024/09/03-20:03:11,25.17,968.5427,56.58398,400,0,0.0
2024/09/03-20:03:22,25.17,968.5148,56.5957,400,0,0.0
2024/09/03-20:03:32,25.38,968.4958,56.55078,0,0,0.0
2024/09/03-20:03:43,25.19,968.5463,56.52734,0,0,0.0
2024/09/03-20:03:54,25.2,968.5541,56.58691,0,0,0.0
2024/09/03-20:04:04,25.19,968.5463,56.62109,0,0,0.0
2024/09/03-20:04:15,25.4,968.5413,56.63574,0,0,0.0
2024/09/03-20:05:02,25.43,968.5405,56.62891,0,0,0.0
2024/09/03-20:05:13,25.24,968.617,56.58008,0,0,0.0
2024/09/03-20:05:24,25.24,968.5134,56.51074,0,0,0.0
2024/09/03-20:05:31,25.78,968.5587,56.25,0,0,0.0
2024/09/03-20:05:42,25.29,968.5564,56.43457,0,0,0.0
2024/09/03-20:05:52,25.27,968.6163,56.52637,0,0,0.0
2024/09/03-20:06:03,25.28,968.6042,56.52734,0,0,0.0
2024/09/03-20:06:14,25.28,968.5684,56.51563,0,0,0.0
2024/09/03-20:06:24,25.3,968.552,57.50195,0,0,0.0
2024/09/03-20:06:35,25.32,968.5278,57.02441,0,0,0.0
2024/09/03-20:06:45,25.33,968.5914,56.89648,0,0,0.0
2024/09/03-20:06:56,25.33,968.5992,56.84961,0,0,0.0
2024/09/03-20:07:07,25.33,968.5914,56.75684,0,0,0.0
2024/09/03-20:07:17,25.32,968.6114,57.15332,0,0,0.0
2024/09/03-20:07:28,25.31,968.6235,57.12793,0,0,0.0
2024/09/03-20:07:39,25.31,968.5678,57.18652,0,0,0.0
2024/09/03-20:07:49,25.33,968.5435,57.23633,0,0,0.0
2024/09/03-20:08:00,25.33,968.6192,57.06055,0,0,0.0
2024/09/03-20:08:10,25.32,968.5199,57.17578,0,0,0.0
2024/09/03-20:08:21,25.32,968.5756,57.15234,0,0,0.0
2024/09/03-20:08:32,25.31,968.5599,57.31445,0,0,0.0
2024/09/03-20:08:42,25.32,968.5478,57.15234,0,0,0.0
2024/09/03-20:08:53,25.31,968.5399,57.20996,0,0,0.0
2024/09/03-20:09:04,25.31,968.5956,57.43164,0,0,0.0
2024/09/03-20:09:14,25.3,968.4963,57.73633,0,0,0.0
2024/09/03-20:09:25,25.3,968.552,57.66602,0,0,0.0
2024/09/03-20:09:35,25.29,968.5364,57.65234,0,0,0.0
2024/09/03-20:09:46,25.29,968.5364,57.74609,0,0,0.0
2024/09/03-20:09:57,25.28,968.5764,57.76758,0,0,0.0
2024/09/03-20:10:07,25.28,968.5764,58.00195,0,0,0.0
2024/09/03-20:10:18,25.29,968.5842,58.07324,0,0,0.0
2024/09/03-20:10:30,25.27,968.5606,57.88379,0,0,0.0
2024/09/03-20:10:40,25.28,968.5764,57.94336,0,0,0.0
2024/09/03-20:10:51,25.29,968.5284,57.87402,0,0,0.0
2024/09/03-20:11:02,25.29,968.5364,57.85059,0,0,0.0
2024/09/03-20:33:14,25.53,968.5174,59.26367,0,0,0.0
2024/09/03-20:33:25,25.31,968.512,59.2334,0,0,0.0
2024/09/03-20:33:36,25.32,968.5278,59.2832,0,0,0.0
2024/09/03-20:33:46,25.31,968.5042,59.25684,0,0,0.0
2024/09/03-20:33:57,25.33,968.5914,59.27246,0,0,0.0
2024/09/03-20:34:07,25.31,968.512,59.21094,0,0,0.0
2024/09/03-20:34:18,25.31,968.5956,59.26855,0,0,0.0
2024/09/03-20:34:29,25.3,968.5242,59.1875,0,0,0.0
2024/09/03-20:34:39,25.3,968.572,59.25586,0,0,0.0
2024/09/03-20:34:50,25.3,968.5242,59.38574,0,0,0.0
2024/09/03-20:35:00,25.3,968.5242,59.37402,0,0,0.0
2024/09/03-20:35:11,25.31,968.5042,59.3623,0,0,0.0
2024/09/03-20:35:21,25.31,968.4563,59.30371,0,0,0.0
2024/09/03-20:35:32,25.31,968.5599,59.39746,0,0,0.0
2024/09/03-20:35:43,25.3,968.5164,59.31445,0,0,0.0
2024/09/03-20:35:53,25.29,968.5842,59.34863,0,0,0.0
2024/09/03-20:36:04,25.3,968.4963,59.4209,0,0,0.0
2024/09/03-20:36:14,25.29,968.5006,59.53613,0,0,0.0
2024/09/03-20:36:25,25.29,968.5842,59.53613,0,0,0.0
2024/09/03-20:36:36,25.28,968.5206,59.51074,0,0,0.0
2024/09/03-20:36:46,25.27,968.5049,59.5332,0,0,0.0
2024/09/03-20:36:57,25.27,968.5049,59.48633,0,0,0.0
2024/09/03-20:37:07,25.28,968.5485,59.58105,0,0,0.0
2024/09/03-20:37:18,25.3,968.5442,59.57227,0,0,0.0
2024/09/03-20:37:29,25.3,968.5442,59.51367,0,0,0.0
2024/09/03-20:37:39,25.28,968.5206,59.46387,0,0,0.0
2024/09/03-20:37:50,25.3,968.4963,59.44434,0,0,0.0
2024/09/03-20:38:00,25.3,968.4963,59.50293,0,0,0.0
2024/09/03-20:38:11,25.3,968.4963,59.64355,0,0,0.0
2024/09/03-20:38:22,25.29,968.5642,59.66406,0,0,0.0
2024/09/03-20:38:32,25.3,968.4684,59.71387,0,0,0.0
2024/09/03-20:38:43,25.3,968.4963,59.59668,0,0,0.0
2024/09/03-20:38:53,25.3,968.5242,59.59668,0,0,0.0
2024/09/03-20:39:04,25.31,968.5042,59.58496,0,0,0.0
2024/09/03-20:39:15,25.3,968.4684,59.53809,0,0,0.0
2024/09/03-20:39:25,25.3,968.4684,59.56152,0,0,0.0
2024/09/03-20:39:36,25.29,968.4448,59.52344,0,0,0.0
2024/09/03-20:39:46,25.3,968.4684,59.5498,0,0,0.0
2024/09/03-20:39:57,25.3,968.4885,59.56055,0,0,0.0
2024/09/03-20:40:08,25.31,968.4484,59.50293,0,0,0.0
2024/09/03-20:40:18,25.3,968.4963,59.51465,0,0,0.0
2024/09/03-20:40:29,25.3,968.4963,59.52637,0,0,0.0
2024/09/03-20:40:39,25.31,968.4006,59.52637,0,0,0.0
2024/09/03-20:40:50,25.32,968.5278,59.48145,0,0,0.0
2024/09/03-20:41:01,25.32,968.4999,59.49316,0,0,0.0
2024/09/03-20:41:11,25.33,968.4799,59.49512,0,0,0.0
2024/09/03-20:41:22,25.34,968.4678,59.44824,0,0,0.0
2024/09/03-20:41:34,25.32,968.4163,59.5166,0,0,0.0
2024/09/03-20:41:44,25.32,968.472,59.55176,0,0,0.0
2024/09/03-20:41:55,25.33,968.4878,59.45996,0,0,0.0
2024/09/03-20:42:06,25.35,968.4556,59.55566,0,0,0.0
2024/09/03-20:42:16,25.35,968.4635,59.55664,0,0,0.0
2024/09/03-20:42:27,25.33,968.4599,59.49512,0,0,0.0
2024/09/03-20:42:38,25.34,968.4956,59.45996,0,0,0.0
2024/09/03-20:42:48,25.34,968.4678,59.40137,0,0,0.0
2024/09/03-20:42:59,25.34,968.4478,59.4375,0,0,0.0
2024/09/03-20:43:09,25.35,968.4635,59.47461,0,0,0.0
2024/09/03-20:43:20,25.36,968.4514,59.45117,0,0,0.0
2024/09/03-20:43:31,25.37,968.495,59.44238,0,0,0.0
2024/09/03-20:43:41,25.35,968.4635,59.50977,0,0,0.0
2024/09/03-20:43:52,25.35,968.4635,59.50977,0,0,0.0
2024/09/03-20:44:02,25.34,968.4478,59.53125,0,0,0.0
2024/09/03-20:44:13,25.35,968.4078,59.75586,0,0,0.0
2024/09/03-20:44:24,25.37,968.4113,59.86328,0,0,1.666667
2024/09/03-20:44:34,25.43,968.3306,59.87012,0,0,2.5
2024/09/03-20:44:45,25.47,968.3856,59.86328,0,0,2.5
2024/09/03-20:44:56,25.51,968.3928,59.77441,0,0,1.666667
2024/09/03-20:45:06,25.53,968.3963,59.625,0,0,0.8333333
2024/09/03-20:45:17,25.55,968.4077,59.51172,0,0,1.666667
2024/09/03-20:45:27,25.59,968.387,59.40039,0,0,0.8333333
2024/09/03-20:45:38,25.61,968.3906,59.53125,0,0,1.666667
2024/09/03-20:45:49,25.64,968.402,59.38281,0,0,2.5
2024/09/03-20:45:59,25.66,968.4416,59.29297,0,0,3.333333
2024/09/03-20:46:10,25.69,968.3414,59.21387,0,0,0.8333333
2024/09/03-20:46:20,25.71,968.4086,59.1709,0,0,0.8333333
2024/09/03-20:46:31,25.72,968.3608,59.1123,0,0,0.8333333
2024/09/03-20:46:42,25.72,968.3686,59.04297,0,0,0.0
2024/09/03-20:46:52,25.74,968.3364,59.0791,0,0,3.333333
2024/09/03-20:47:03,25.74,968.4558,59.08105,0,0,0.8333333
2024/09/03-20:47:13,25.76,968.3678,58.96484,0,0,4.166667
2024/09/03-20:47:24,25.78,968.3156,59.13184,0,0,2.5
2024/09/03-20:47:34,25.81,968.4185,59.03027,0,0,2.5
2024/09/03-20:47:45,25.83,968.3864,58.9043,0,0,1.666667
2024/09/03-20:47:56,25.85,968.3976,58.89551,0,0,2.5
2024/09/03-20:48:06,25.9,968.4127,58.88965,0,0,1.666667
2024/09/03-20:48:17,25.92,968.3404,58.87012,0,0,3.333333
2024/09/03-20:48:27,25.95,968.3317,58.68555,0,0,1.666667
2024/09/03-20:48:38,25.98,968.371,58.64258,0,0,1.666667
2024/09/03-20:48:49,26.02,968.4138,58.67188,0,0,2.5
2024/09/03-20:48:59,26.04,968.3816,58.52148,0,0,2.5
2024/09/03-20:49:10,26.03,968.3738,58.46289,0,0,2.5
2024/09/03-20:49:20,26.05,968.4052,58.60645,0,0,1.666667
2024/09/03-20:49:31,26.08,968.3965,58.35156,0,0,1.666667
2024/09/03-20:49:42,26.1,968.4401,58.3877,0,0,1.666667
2024/09/03-20:49:52,26.08,968.3965,58.25781,0,0,1.666667
2024/09/03-20:50:03,26.08,968.3608,58.29199,0,0,2.5
2024/09/03-20:50:13,26.1,968.3922,58.26074,0,0,1.666667
2024/09/03-20:50:24,26.11,968.4,58.13184,0,0,1.666667
2024/09/03-20:50:34,26.15,968.3792,58.12402,0,0,2.5
2024/09/03-20:50:45,26.18,968.4263,58.07031,0,0,0.0
2024/09/03-20:50:56,26.18,968.3783,58.03613,0,0,0.8333333
2024/09/03-20:51:06,26.19,968.394,57.94336,0,0,0.8333333
2024/09/03-20:51:17,26.18,968.3505,57.80176,0,0,1.666667
2024/09/03-20:51:27,26.18,968.3984,57.60156,0,0,0.8333333
2024/09/03-20:51:39,26.18,968.4063,57.90723,0,0,0.8333333
2024/09/03-20:51:50,26.18,968.3505,57.75488,0,0,1.666667
2024/09/03-20:52:01,26.16,968.3948,57.58691,0,0,0.8333333
2024/09/03-20:52:11,26.16,968.4227,57.69238,0,0,0.8333333
2024/09/03-20:52:22,26.14,968.3914,57.64355,0,0,0.8333333
2024/09/03-20:52:32,26.15,968.4628,57.69043,0,0,1.666667
2024/09/03-20:52:43,26.14,968.3914,57.72559,0,0,0.8333333
2024/09/03-20:52:54,26.14,968.3635,57.74902,0,0,0.8333333
2024/09/03-20:53:04,26.13,968.4392,57.99414,0,0,0.8333333
2024/09/03-20:53:15,26.13,968.4035,57.80566,0,0,0.8333333
2024/09/03-20:53:25,26.12,968.4716,57.75684,0,0,0.0
2024/09/03-20:53:36,26.12,968.3878,57.79297,0,0,0.0
2024/09/03-20:53:47,26.12,968.4158,57.69922,0,0,0.0
2024/09/03-20:53:57,26.15,968.4149,57.76172,0,0,0.8333333
2024/09/03-20:54:08,26.19,968.3862,57.77832,0,0,0.0
2024/09/03-20:54:18,26.21,968.3897,57.76953,0,0,0.8333333
2024/09/03-20:56:59,26.49,968.3169,57.13672,0,0,0.8333333
2024/09/03-21:04:01,26.55,968.2829,57.08594,0,0,0.8333333
2024/09/03-21:04:12,26.35,968.2829,57.03711,0,0,0.0
2024/09/03-21:06:32,26.64,968.2087,56.89746,0,0,0.0
2024/09/03-21:06:38,26.64,968.2244,56.85059,0,0,0.8333333
2024/09/03-21:06:49,26.46,968.2523,56.79297,0,0,0.8333333
2024/09/03-21:07:00,26.47,968.2881,56.79297,0,0,0.8333333
2024/09/03-21:07:11,26.66,968.2104,56.90137,0,0,1.666667
2024/09/03-21:07:22,26.45,968.3205,56.88574,0,0,0.8333333
2024/09/03-21:07:33,26.46,968.3283,56.80371,0,0,1.666667
2024/09/03-21:08:20,26.62,968.1825,57.10645,0,0,0.0
2024/09/03-21:08:31,26.44,968.1652,57.06055,0,0,0.0
2024/09/03-21:08:42,26.44,968.2969,57.04785,0,0,0.0
2024/09/03-21:09:13,26.59,968.2017,57.01953,0,0,0.0
2024/09/03-21:09:24,26.4,968.214,57.03125,0,0,0.8333333
2024/09/03-21:11:22,26.59,968.1825,57.11426,0,0,0.0
2024/09/03-21:12:43,26.58,968.1887,57.08887,0,0,1.666667
2024/09/03-21:12:54,26.37,968.2026,57.09961,0,0,1.666667
2024/09/03-21:15:57,26.43,968.1791,57.78613,0,0,0.0
2024/09/03-21:16:08,26.24,968.1578,57.80859,0,0,0.0
2024/09/03-21:16:51,26.8,968.1841,59.08887,0,0,1.666667
2024/09/03-21:17:02,26.3,968.2598,58.05078,0,0,0.8333333
2024/09/03-21:17:13,26.28,968.2206,57.84863,0,0,2.5
2024/09/03-21:17:23,26.26,968.217,57.9043,0,0,1.666667
2024/09/03-21:17:34,26.27,968.2607,58.86816,0,0,0.8333333
2024/09/03-21:17:44,26.25,968.2092,58.25586,0,0,0.8333333
2024/09/03-21:17:56,26.22,968.1822,58.13477,0,0,1.666667
2024/09/03-21:18:07,26.21,968.2224,57.86426,0,0,2.5
2024/09/03-21:18:17,26.2,968.2065,57.75586,0,0,3.333333
2024/09/03-21:18:28,26.19,968.2467,57.77832,0,0,3.333333
2024/09/03-21:18:39,26.19,968.1909,57.73145,0,0,3.333333
2024/09/03-21:18:49,26.22,968.2938,57.74805,0,0,1.666667
2024/09/03-21:19:00,26.26,968.3008,57.74023,0,0,0.8333333
2024/09/03-21:19:10,26.28,968.2484,57.64844,0,0,0.8333333
2024/09/03-21:19:21,26.32,968.2279,58.10059,0,0,0.8333333
2024/09/03-21:19:31,26.35,968.275,57.89355,0,0,0.8333333
2024/09/03-21:19:42,26.37,968.2506,57.48535,0,0,0.8333333
2024/09/03-21:19:53,26.38,968.2664,57.52148,0,0,1.666667
2024/09/03-21:20:03,26.4,968.2698,57.41895,0,0,0.8333333
2024/09/03-21:20:14,26.41,968.2017,58.70996,0,0,0.0
2024/09/03-21:20:24,26.44,968.2489,58.85547,0,0,0.8333333
2024/09/03-21:20:35,26.45,968.153,57.67188,0,0,0.8333333
2024/09/03-21:20:46,26.42,968.2454,57.5625,0,0,0.8333333
2024/09/03-21:20:56,26.38,968.2385,57.55664,0,0,0.8333333
2024/09/03-21:21:07,26.35,968.2271,57.89355,0,0,1.666667
2024/09/03-21:21:17,26.29,968.2921,57.97949,0,0,1.666667
2024/09/03-21:21:28,26.23,968.2336,58.08887,0,0,0.8333333
2024/09/03-21:21:38,26.2,968.2703,58.14355,0,0,0.8333333
2024/09/03-21:21:49,26.19,968.2545,58.23633,0,0,0.8333333
2024/09/03-21:22:00,26.19,968.1909,58.15332,0,0,0.8333333
2024/09/03-21:22:10,26.18,968.2946,58.35254,0,0,0.8333333
2024/09/03-21:22:21,26.19,968.1909,58.18848,0,0,2.5
2024/09/03-21:22:31,26.17,968.2789,58.06934,0,0,2.5
2024/09/03-21:22:42,26.16,968.2553,58.12695,0,0,2.5
2024/09/03-21:22:53,26.14,968.2239,58.08887,0,0,1.666667
2024/09/03-21:23:03,26.14,968.2519,58.14746,0,0,2.5
2024/09/03-21:23:14,26.08,968.257,58.55078,0,0,1.666667
2024/09/03-21:23:24,26.07,968.2413,58.49121,0,0,3.333333
2024/09/03-21:23:35,26.08,968.2491,58.30371,0,0,0.8333333
2024/09/03-21:23:46,26.07,968.2971,58.32715,0,0,0.8333333
2024/09/03-21:23:56,26.06,968.2177,58.3252,0,0,0.0
2024/09/03-21:24:07,26.05,968.2656,58.40723,0,0,2.5
2024/09/03-21:24:17,26.04,968.2778,58.4043,0,0,0.0
2024/09/03-21:24:28,26.04,968.2421,58.54492,0,0,1.666667
2024/09/03-21:24:39,26.04,968.1863,58.42773,0,0,2.5
2024/09/03-21:24:49,26.04,968.25,58.38086,0,0,0.0
2024/09/03-21:25:00,26.03,968.2264,58.40332,0,0,0.0
2024/09/03-21:25:11,26.01,968.2229,58.47168,0,0,0.0
2024/09/03-21:25:21,25.98,968.2673,58.5498,0,0,0.8333333
2024/09/03-21:25:32,25.97,968.2516,58.62988,0,0,0.8333333
2024/09/03-21:25:42,25.97,968.2795,58.61816,0,0,0.8333333
2024/09/03-21:25:53,25.96,968.2358,58.72266,0,0,0.8333333
2024/09/03-21:26:04,25.94,968.2603,58.7666,0,0,0.0
2024/09/03-21:26:14,25.93,968.2445,58.80078,0,0,0.8333333
2024/09/03-21:26:25,25.91,968.1852,58.98438,0,0,0.8333333
2024/09/03-21:26:35,25.89,968.2296,59.35742,0,0,0.8333333
2024/09/03-21:26:46,25.87,968.1781,59.27246,0,0,0.0
2024/09/03-21:26:57,25.88,968.2975,59.22754,0,0,0.8333333
2024/09/03-21:27:07,25.89,968.2375,59.07617,0,0,0.8333333
2024/09/03-21:27:18,25.89,968.2095,59.08789,0,0,0.8333333
2024/09/03-21:27:28,25.89,968.2296,59.04102,0,0,0.8333333
2024/09/03-21:27:39,25.88,968.2697,59.19238,0,0,2.5
2024/09/03-21:27:50,25.86,968.2383,59.3877,0,0,0.8333333
2024/09/03-21:28:00,25.84,968.1868,59.35156,0,0,0.0
2024/09/03-21:28:11,25.83,968.2547,59.4541,0,0,0.0
2024/09/03-21:28:23,25.84,968.2983,59.5625,0,0,0.8333333
2024/09/03-21:28:33,25.85,968.2225,60.34668,0,0,0.0
2024/09/03-21:28:44,25.87,968.2619,59.6709,0,0,0.0
2024/09/03-21:30:21,26.45,968.2175,58.83301,0,0,1.666667
2024/09/03-21:30:32,25.95,968.2123,59.14258,0,0,0.8333333
2024/09/03-21:38:07,26.5,968.1512,58.6875,0,0,0.8333333
2024/09/03-21:38:18,26.0,968.215,59.00879,0,0,0.8333333
2024/09/03-21:38:29,26.04,968.2421,59.91602,0,0,0.8333333
2024/09/03-21:38:39,26.05,968.1541,59.47363,0,0,2.5
2024/09/03-21:38:50,26.06,968.114,59.3457,0,0,0.8333333
2024/09/03-21:39:01,26.06,968.114,59.18164,0,0,0.8333333
2024/09/03-21:39:11,26.07,968.1219,59.12305,0,0,0.8333333
2024/09/03-21:39:22,26.07,968.1855,59.01855,0,0,0.8333333
2024/09/03-21:39:32,26.08,968.2012,59.05469,0,0,0.8333333
2024/09/03-21:39:43,26.1,968.1333,58.99805,0,0,0.8333333
2024/09/03-21:39:53,26.1,968.2248,58.95215,0,0,1.666667
2024/09/03-21:40:04,26.11,968.1769,58.96387,0,0,0.8333333
2024/09/03-21:40:15,26.13,968.2083,58.98926,0,0,0.8333333

